Compound,Hessian_eig_min_abs
OH-OH-Ba,3.136000587369276e-05
OH-OH-Be,1.926014503079913e-05
OH-OH-Ca,2.8417156838433665e-05
OH-OH-Cd,5.232655212424628e-05
OH-OH-Co,9.723153969824554e-06
OH-OH-Cu,4.7446985969103636e-05
OH-OH-Fe,0.00039925981229167013
OH-OH-Mg,0.0030575940594387238
OH-OH-Mn,0.0012947675418491643
OH-OH-Ni,0.007877959876213246
OH-OH-Pb,7.182813431937495e-05
OH-OH-Pd,1.1284943997319342e-05
OH-OH-Pt,9.037762945597746e-06
OH-OH-Sr,4.0464447586916895e-06
OH-OH-Zn,0.0003724818109085967
OH-O-Al,9.171819922181268e-05
OH-O-Bi,0.000211027072236025
OH-O-Ce,3.897146351579606e-05
OH-O-Co,0.00010038136153257144
OH-O-Cr,0.0004925221397956729
OH-O-Fe,0.0006601043892471427
OH-O-Ga,8.637218744344761e-06
OH-O-Gd,9.072370945393254e-07
OH-O-In,0.0008349991566882113
OH-O-Ir,0.00013808063743942563
OH-O-La,0.000979758483244368
OH-O-Lu,0.06747032898929291
OH-O-Nd,0.0002551963253367739
OH-O-Rh,1.9677195946292034e-05
OH-O-Ru,9.741787115792402e-05
OH-O-Sc,8.272230303881461e-05
OH-O-Sm,0.00015696852758415812
OH-O-Y,0.000189040886907926
O-O-Ce,3.387635831833191e-05
O-O-Ge,2.3971958083295837e-07
O-O-Hf,5.785729383240017e-07
O-O-Ir,3.465555663041078e-06
O-O-Mo,2.1850281507373814e-05
O-O-Os,0.00019231826095267483
O-O-Pd,2.3599533185656726e-07
O-O-Pt,9.499489847723577e-06
O-O-Re,3.930476966528586e-08
O-O-Ru,0.00016568943595396857
O-O-Sn,1.5954642154673935e-05
O-O-Tc,2.8834993504621344e-06
O-O-Te,7.921127122601947e-07
O-O-Ti,5.6570608418367925e-06
O-O-W,1.8735564123230632e-06
O-O-Zr,7.142607864419059e-06
NH-OH-Al,3.822053423680264e-05
NH-OH-Bi,3.57162186757663e-05
NH-OH-Ce,6.068354166151681e-06
NH-OH-Co,6.672837381395175e-05
NH-OH-Cr,1.0843630053706383e-05
NH-OH-Fe,0.0005633133965471663
NH-OH-Ga,0.00010724501315438053
NH-OH-Gd,5.332936770680995e-05
NH-OH-In,1.649543210099428e-05
NH-OH-Ir,5.2791414726346245e-05
NH-OH-La,0.00022867112877392385
NH-OH-Lu,0.7585615888688775
NH-OH-Nd,0.00010403241641995343
NH-OH-Rh,0.00013420851235249835
NH-OH-Ru,1.588290490645632e-05
NH-OH-Sc,4.168366655193146e-05
NH-OH-Sm,2.3581625515040636e-05
NH-OH-Y,0.0002544096615138653
PH-OH-Al,8.590094134484528e-05
PH-OH-Bi,0.00012241253338293845
PH-OH-Ce,0.0009955368638900732
PH-OH-Co,2.346127167243229e-05
PH-OH-Cr,4.7228146490646456e-06
PH-OH-Fe,2.5147826490418925e-05
PH-OH-Ga,0.0012993021196676172
PH-OH-Gd,1.4980721227007735e-05
PH-OH-In,0.00024135867350803662
PH-OH-Ir,7.9039685604212e-06
PH-OH-La,0.00030434467395326555
PH-OH-Lu,0.03166591369537927
PH-OH-Nd,0.0001487146996804857
PH-OH-Rh,1.1720916277210821e-05
PH-OH-Ru,7.556490128575227e-05
PH-OH-Sc,4.301892502687199e-05
PH-OH-Sm,0.0002561599937980573
PH-OH-Y,5.5960854815479156e-05
S-OH-Al,9.932952689699459e-06
S-OH-Bi,6.430480701883312e-05
S-OH-Ce,4.532388559793504e-05
S-OH-Co,0.00015277335436999058
S-OH-Cr,0.0002164074414825974
S-OH-Fe,0.001890938336363539
S-OH-Ga,8.350520341282372e-05
S-OH-Gd,0.0003673067899254907
S-OH-In,7.089914460204849e-06
S-OH-Ir,2.3555169118736214e-05
S-OH-La,8.958776130945136e-05
S-OH-Lu,0.4257210163740454
S-OH-Nd,7.701984507276563e-05
S-OH-Rh,5.748298664557181e-06
S-OH-Ru,1.9580573237178576e-05
S-OH-Sc,5.08931117440219e-05
S-OH-Sm,1.9818780666308857e-06
S-OH-Y,4.4115457620224274e-05
Se-OH-Al,0.00036405261874962935
Se-OH-Bi,8.518652642911094e-05
Se-OH-Ce,0.00015805053693059836
Se-OH-Co,0.00023382361137220712
Se-OH-Cr,4.46648708482448e-05
Se-OH-Fe,0.00043821197196975006
Se-OH-Ga,0.00012029106094911272
Se-OH-Gd,0.00014854291550187794
Se-OH-In,3.076834775854276e-05
Se-OH-Ir,6.49303013627812e-06
Se-OH-La,0.0017986213662600338
Se-OH-Lu,0.21031779414468516
Se-OH-Nd,1.6194217619322493e-05
Se-OH-Rh,2.396281971259307e-05
Se-OH-Ru,1.583501401236443e-05
Se-OH-Sc,4.047156889719529e-05
Se-OH-Sm,9.539913381947262e-05
Se-OH-Y,3.347992657919661e-05
Te-OH-Al,0.013793385599877942
Te-OH-Bi,1.8648422842121497e-05
Te-OH-Ce,2.6027785181184068e-05
Te-OH-Co,0.0064189611599303606
Te-OH-Cr,0.015058955848273393
Te-OH-Fe,0.01437040468555313
Te-OH-Ga,0.011614657658265361
Te-OH-Gd,2.6815050612529386e-05
Te-OH-In,0.016082659145777174
Te-OH-Ir,0.019658682941423557
Te-OH-La,0.0002799684999554371
Te-OH-Lu,0.3175278508040914
Te-OH-Nd,1.87979294443349e-05
Te-OH-Rh,0.013905548012114936
Te-OH-Ru,0.009932253661195451
Te-OH-Sc,0.01056313152950598
Te-OH-Sm,1.689199398778332e-05
Te-OH-Y,6.595975942589745e-05
Br-Br-Ba,7.982248038187362e-07
Br-Br-Be,3.11428688416621e-05
Br-Br-Ca,4.812921499541978e-06
Br-Br-Cd,2.496023891836484e-05
Br-Br-Co,8.802512898745575e-07
Br-Br-Cu,0.00011967412606514073
Br-Br-Fe,0.001025734690621378
Br-Br-Mg,0.00022175515923196447
Br-Br-Mn,0.00020867057969052992
Br-Br-Ni,0.00036375740133688905
Br-Br-Pb,3.6464268813523465e-05
Br-Br-Pd,6.80091280522805e-05
Br-Br-Pt,3.9303399397932133e-07
Br-Br-Sr,1.6902450444425475e-06
Br-Br-Zn,2.5600211759230216e-05
Cl-Cl-Ba,1.00542960683322e-05
Cl-Cl-Be,0.00035627999860731433
Cl-Cl-Ca,8.909929823086765e-06
Cl-Cl-Cd,1.9344832553220504e-05
Cl-Cl-Co,1.1572880378572869e-05
Cl-Cl-Cu,4.879725929915649e-06
Cl-Cl-Fe,2.2082847594090823e-05
Cl-Cl-Mg,9.52153758379962e-05
Cl-Cl-Mn,3.403175187406558e-05
Cl-Cl-Ni,0.00048618475786340584
Cl-Cl-Pb,6.807383583709197e-05
Cl-Cl-Pd,3.1431309497129535e-06
Cl-Cl-Pt,2.0322951725263038e-07
Cl-Cl-Sr,3.535801694762784e-06
Cl-Cl-Zn,0.00016052866711064773
CN-CN-Ba,1.4487753496508262e-05
CN-CN-Be,0.002017756243930335
CN-CN-Ca,1.5991818997188772e-05
CN-CN-Cd,1.5703413998842215e-05
CN-CN-Co,0.0001770346666174993
CN-CN-Cu,0.020739319103003657
CN-CN-Fe,0.0025678147603227213
CN-CN-Mg,0.000849267170466224
CN-CN-Mn,0.0004942973876510677
CN-CN-Ni,0.0017302572367857412
CN-CN-Pb,3.820950223240519e-05
CN-CN-Pd,5.420513418571022e-06
CN-CN-Pt,6.7332894565489225e-06
CN-CN-Sr,2.1503165577128184e-05
CN-CN-Zn,0.00018877981811201396
F-F-Ba,0.000395681869812556
F-F-Be,4.953921439985806e-05
F-F-Ca,8.073916456399135e-05
F-F-Cd,0.00011992191393706339
F-F-Co,0.0001381066991790367
F-F-Cu,0.0031616904346729495
F-F-Fe,0.0002021166491047887
F-F-Mg,0.0010482924622014565
F-F-Mn,0.0013426977245209466
F-F-Ni,0.0014626559224711227
F-F-Pb,2.1152535918558866e-05
F-F-Pd,2.0759836709364824e-05
F-F-Pt,1.5670839083751673e-05
F-F-Sr,3.844036432633526e-05
F-F-Zn,0.0002055262318622496
I-I-Ba,2.00428930901526e-06
I-I-Be,0.0006206323100394312
I-I-Ca,6.973554696879904e-06
I-I-Cd,3.382260322593316e-05
I-I-Co,4.712806387240744e-05
I-I-Cu,0.007644791261887877
I-I-Fe,0.00042574607987719894
I-I-Mg,0.0012401705743275882
I-I-Mn,8.721761422206771e-05
I-I-Ni,0.016018169315137075
I-I-Pb,4.488075631698725e-06
I-I-Pd,2.6864994242903032e-06
I-I-Pt,4.462014283581439e-07
I-I-Sr,4.5246056871548874e-07
I-I-Zn,1.675442639685661e-05
NC-NC-Ba,2.5955303242089364e-07
NC-NC-Be,0.004268830816225702
NC-NC-Ca,3.8621921832925425e-05
NC-NC-Cd,6.809964484987679e-06
NC-NC-Co,0.00023902382342106144
NC-NC-Cu,0.005515669822643779
NC-NC-Fe,2.0251351462444797e-05
NC-NC-Mg,5.735943857198e-05
NC-NC-Mn,7.88817627160707e-05
NC-NC-Ni,0.00034698167759014085
NC-NC-Pb,3.354052326656939e-05
NC-NC-Pd,2.7494959339470857e-05
NC-NC-Pt,4.772295750079545e-05
NC-NC-Sr,0.00010495440802077766
NC-NC-Zn,3.619508755116902e-05
NCO-NCO-Ba,0.00010497255055922585
NCO-NCO-Be,0.001195348499486177
NCO-NCO-Ca,1.7651019381385935e-05
NCO-NCO-Cd,0.00010741693519837778
NCO-NCO-Co,1.4193409998685726e-05
NCO-NCO-Cu,5.590946478561996e-05
NCO-NCO-Fe,0.0074632507094784025
NCO-NCO-Mg,4.655831065947022e-05
NCO-NCO-Mn,3.7931993042252154e-05
NCO-NCO-Ni,0.0018379734336128142
NCO-NCO-Pb,0.00010875289633579147
NCO-NCO-Pd,4.987544353536971e-05
NCO-NCO-Pt,1.4362995137757463e-05
NCO-NCO-Sr,2.8076394162360605e-05
NCO-NCO-Zn,2.059513835025309e-05
NCS-NCS-Ba,4.902360578119013e-06
NCS-NCS-Be,0.00014230960281427763
NCS-NCS-Ca,1.3952495073234728e-05
NCS-NCS-Cd,4.046789536021042e-05
NCS-NCS-Co,3.778940484460989e-05
NCS-NCS-Cu,0.004766432196912293
NCS-NCS-Fe,0.0016051401386831788
NCS-NCS-Mg,3.808193076447458e-05
NCS-NCS-Mn,5.8083181669027484e-05
NCS-NCS-Ni,0.0007473974806514813
NCS-NCS-Pb,5.170558188316919e-06
NCS-NCS-Pd,7.548815222976936e-05
NCS-NCS-Pt,1.2295802609888495e-05
NCS-NCS-Sr,1.3334244017244671e-05
NCS-NCS-Zn,0.00012450673443482226
NO-NO-Ba,0.00026595077036026607
NO-NO-Be,0.00024283503792847595
NO-NO-Ca,3.203841174342408e-05
NO-NO-Cd,1.1903530810222507e-06
NO-NO-Co,1.8465694570607254e-06
NO-NO-Cu,0.004208070384881666
NO-NO-Fe,2.1078881762572033e-07
NO-NO-Mg,0.004719641214473449
NO-NO-Mn,9.955653007222299e-05
NO-NO-Ni,0.004215597660631241
NO-NO-Pb,0.0018737340445968591
NO-NO-Pd,0.0003415526688128158
NO-NO-Pt,4.7878718830706206e-05
NO-NO-Sr,0.00020939087453153237
NO-NO-Zn,0.00015399979990591553
OCN-OCN-Ba,3.3567704933679547e-06
OCN-OCN-Be,0.0018107525846519752
OCN-OCN-Ca,3.0797512608987745e-05
OCN-OCN-Cd,3.406746270016906e-05
OCN-OCN-Co,0.001241377328638162
OCN-OCN-Cu,0.003567542382471639
OCN-OCN-Fe,0.0018034594578523752
OCN-OCN-Mg,0.0013515993851517063
OCN-OCN-Mn,8.114176909057253e-05
OCN-OCN-Ni,0.03749129204094823
OCN-OCN-Pb,4.803880941338824e-05
OCN-OCN-Pd,0.0001482969294231693
OCN-OCN-Pt,3.3452952079873745e-05
OCN-OCN-Sr,6.597380902497513e-05
OCN-OCN-Zn,0.000879882954750036
SCN-SCN-Ba,3.7981172221467918e-06
SCN-SCN-Be,0.008219928737902565
SCN-SCN-Ca,5.343135697568292e-06
SCN-SCN-Cd,1.2603159195013101e-05
SCN-SCN-Co,0.0029119438071290174
SCN-SCN-Cu,0.0045265968599231075
SCN-SCN-Fe,0.002751143558859608
SCN-SCN-Mg,0.0018335621091480588
SCN-SCN-Mn,0.004880742760100932
SCN-SCN-Ni,0.16580583946999014
SCN-SCN-Pb,0.00011021565961785693
SCN-SCN-Pd,9.959568306851206e-05
SCN-SCN-Pt,1.4498965550039556e-05
SCN-SCN-Sr,0.0001457254558590555
SCN-SCN-Zn,0.0011565942176310004
SH-SH-Ba,7.609165400164255e-06
SH-SH-Be,0.00042343950719718823
SH-SH-Ca,1.402275221843081e-07
SH-SH-Cd,2.1760795199916987e-05
SH-SH-Co,1.803448503402773e-05
SH-SH-Cu,0.003839123791861939
SH-SH-Fe,7.082559235412197e-05
SH-SH-Mg,0.0010248829595494772
SH-SH-Mn,0.00020346785542271195
SH-SH-Ni,0.004145636553478164
SH-SH-Pb,2.516733795881398e-06
SH-SH-Pd,3.068991414393037e-05
SH-SH-Pt,5.745857801723003e-07
SH-SH-Sr,5.596341434557268e-06
SH-SH-Zn,0.0006663548025312959
NH-NH-Ce,0.0010605254160608508
NH-NH-Ge,4.583668348852247e-07
NH-NH-Hf,4.287092148192802e-06
NH-NH-Ir,6.851675186482223e-06
NH-NH-Mo,1.0612088063190792e-05
NH-NH-Os,7.790766450957692e-06
NH-NH-Pd,1.7157979336340063e-05
NH-NH-Pt,1.99612121653399e-06
NH-NH-Re,1.9527845894826005e-05
NH-NH-Ru,1.284431788714022e-05
NH-NH-Sn,5.251974783495369e-05
NH-NH-Tc,8.724925349506973e-06
NH-NH-Te,8.281969491382686e-05
NH-NH-Ti,1.9975487491492534e-05
NH-NH-W,5.724123811435843e-06
NH-NH-Zr,4.901795201623406e-05
PH-PH-Ce,3.9418240488629005e-06
PH-PH-Ge,9.903776464899882e-05
PH-PH-Hf,8.322225371757199e-05
PH-PH-Ir,4.74829083113636e-05
PH-PH-Mo,1.8349711931688403e-05
PH-PH-Os,5.700929843272722e-07
PH-PH-Pd,8.373690841111819e-05
PH-PH-Pt,7.301339140429321e-06
PH-PH-Re,4.7357423491395805e-06
PH-PH-Ru,6.788616402112854e-06
PH-PH-Sn,3.62551955508605e-05
PH-PH-Tc,6.529128797306975e-06
PH-PH-Te,1.2344487472085771e-05
PH-PH-Ti,9.597798433940716e-05
PH-PH-W,2.4695642751503485e-06
PH-PH-Zr,1.3804753916080935e-05
S-S-Ce,3.146304032111984e-05
S-S-Ge,1.7867017142106756e-06
S-S-Hf,3.7108532433682466e-07
S-S-Ir,1.8074262098403252e-06
S-S-Mo,1.0490773620666318e-05
S-S-Os,2.423383029732907e-05
S-S-Pd,4.2232277298710325e-06
S-S-Pt,1.250085007907658e-07
S-S-Re,5.2963488180538665e-06
S-S-Ru,1.7401749482955195e-05
S-S-Sn,2.4718951971461224e-05
S-S-Tc,1.0273449558307198e-05
S-S-Te,1.1077956489552595e-05
S-S-Ti,4.3493008119967533e-07
S-S-W,3.820096560251622e-05
S-S-Zr,1.2765512463516721e-06
Se-Se-Ce,3.527688701963456e-05
Se-Se-Ge,7.015969967020439e-05
Se-Se-Hf,3.5981260006361207e-07
Se-Se-Ir,2.1854536743073633e-05
Se-Se-Mo,9.274802296226507e-08
Se-Se-Os,1.9887401188998643e-06
Se-Se-Pd,6.758975821518742e-06
Se-Se-Pt,2.327637066717252e-06
Se-Se-Re,1.735496424955115e-05
Se-Se-Ru,7.019797612798028e-05
Se-Se-Sn,2.2086406559911037e-05
Se-Se-Tc,3.675595699176799e-06
Se-Se-Te,3.237651689943675e-05
Se-Se-Ti,2.6377836223412027e-06
Se-Se-W,1.2114486949807625e-05
Se-Se-Zr,9.505938601662734e-07
Te-Te-Ce,1.4292377014595265e-06
Te-Te-Ge,0.00023400753329852876
Te-Te-Hf,2.1365419688846924e-06
Te-Te-Ir,0.0022194900472033968
Te-Te-Mo,0.0016875454260372861
Te-Te-Os,0.0075421437946653425
Te-Te-Pd,1.9860338635740613e-05
Te-Te-Pt,5.458680729424232e-07
Te-Te-Re,0.005575483779145248
Te-Te-Ru,3.3664426692037506e-06
Te-Te-Sn,8.091335331768427e-06
Te-Te-Tc,4.704724672075234e-07
Te-Te-Ti,5.139698600671368e-07
Te-Te-W,0.005148897345873151
Te-Te-Zr,1.9620477289777832e-07
NH-Br-Al,7.267681594964497e-06
NH-Br-Bi,1.424170039924148e-05
NH-Br-Ce,1.3828153135435448e-05
NH-Br-Co,3.4747540543434514e-05
NH-Br-Cr,0.00048683397744692005
NH-Br-Fe,0.0013440352798578257
NH-Br-Ga,3.795469556842561e-06
NH-Br-Gd,3.2511879572809546e-05
NH-Br-In,3.529915596667575e-05
NH-Br-Ir,5.769228066479051e-06
NH-Br-La,0.00030134343308926793
NH-Br-Lu,0.0003701516372849083
NH-Br-Nd,1.4977139086527891e-05
NH-Br-Rh,0.0003138211938031521
NH-Br-Ru,2.858457614207722e-05
NH-Br-Sc,0.00011851889704806523
NH-Br-Sm,9.123353200877214e-06
NH-Br-Y,2.9534197753829373e-05
NH-Cl-Al,4.5443657557837667e-05
NH-Cl-Bi,9.575940283389354e-06
NH-Cl-Ce,0.00010981482281175108
NH-Cl-Co,9.526389496965497e-05
NH-Cl-Cr,0.0003809616428501452
NH-Cl-Fe,0.00012075271299730769
NH-Cl-Ga,4.383006930519859e-05
NH-Cl-Gd,7.400830711046572e-06
NH-Cl-In,3.1595258034415978e-06
NH-Cl-Ir,0.00014966950313052707
NH-Cl-La,0.0004444302475303705
NH-Cl-Lu,0.15644714976771212
NH-Cl-Nd,4.248824736688409e-05
NH-Cl-Rh,1.1194336134978531e-05
NH-Cl-Ru,5.46931577443052e-06
NH-Cl-Sc,3.309422065518196e-06
NH-Cl-Sm,1.3005283735221213e-05
NH-Cl-Y,1.7267724176178306e-05
NH-CN-Al,2.108953427978834e-05
NH-CN-Bi,0.0001431707164675657
NH-CN-Ce,7.039593438207998e-06
NH-CN-Co,7.399844330498256e-05
NH-CN-Cr,0.00012079496534731449
NH-CN-Fe,0.0001779581951510783
NH-CN-Ga,0.00014013098747814583
NH-CN-Gd,0.00026730743395140876
NH-CN-In,0.00024716511921757254
NH-CN-Ir,6.99080088878224e-05
NH-CN-La,0.0011270561511479565
NH-CN-Lu,0.3876365531173924
NH-CN-Nd,0.00018353641995665602
NH-CN-Rh,7.378559334761879e-05
NH-CN-Ru,7.069101402810407e-05
NH-CN-Sc,2.6733397965002918e-05
NH-CN-Sm,0.00015728385959921747
NH-CN-Y,0.0004904331746496833
NH-F-Al,6.493961523376116e-05
NH-F-Bi,0.00036806904099755176
NH-F-Ce,0.00047391673691006715
NH-F-Co,1.3726422612203974e-05
NH-F-Cr,6.779811352481454e-05
NH-F-Fe,0.00013085706428724175
NH-F-Ga,0.000184918626702663
NH-F-Gd,0.00025976515026325954
NH-F-In,0.00031862407159025954
NH-F-Ir,0.0003131052059492255
NH-F-La,0.0004833796244110433
NH-F-Lu,0.20066455980941
NH-F-Nd,0.0004080566165322422
NH-F-Rh,0.00015831204520783132
NH-F-Ru,1.3335363519203722e-05
NH-F-Sc,9.3404984513315e-05
NH-F-Sm,0.0001385320168976299
NH-F-Y,8.05941973390105e-05
NH-I-Al,3.639469297410725e-05
NH-I-Bi,8.834965998824758e-05
NH-I-Ce,7.445906497733693e-05
NH-I-Co,0.00019990259273628433
NH-I-Cr,8.538666834204825e-06
NH-I-Fe,0.0016847582489775996
NH-I-Ga,9.588355206924373e-05
NH-I-Gd,2.9760586629934645e-05
NH-I-In,1.1787952686163801e-05
NH-I-Ir,0.00010381831124525617
NH-I-La,0.00022616067634585163
NH-I-Lu,0.03664338131521587
NH-I-Nd,3.303824655464279e-06
NH-I-Rh,7.983618454270946e-05
NH-I-Ru,6.301776915864378e-05
NH-I-Sc,1.4680562546500225e-05
NH-I-Sm,1.7329406273141807e-06
NH-I-Y,1.2115960986780198e-06
NH-NC-Al,0.00022311587571235335
NH-NC-Bi,0.00018120703546652055
NH-NC-Ce,4.1257572127986834e-05
NH-NC-Co,1.2042164976390013e-05
NH-NC-Cr,0.00010286796512867113
NH-NC-Fe,0.00028025251531501195
NH-NC-Ga,0.0004636964961175188
NH-NC-Gd,7.025101773460224e-05
NH-NC-In,5.198429167287754e-05
NH-NC-Ir,4.335668373935223e-05
NH-NC-La,0.0002764083494239331
NH-NC-Lu,0.021854124536628307
NH-NC-Nd,2.57371834232972e-05
NH-NCO-Al,7.803739165466085e-05
NH-NCO-Bi,6.751407658411591e-05
NH-NCO-Ce,5.16482259001274e-05
NH-NCO-Co,0.00029715474488551443
NH-NCO-Cr,2.5794541759470934e-05
NH-NCO-Fe,0.00010310685463860042
NH-NCO-Ga,0.0002591761191691143
NH-NCO-Gd,0.00014032110562200653
NH-NCO-In,7.529855740543738e-05
NH-NCO-Ir,0.000299547769901183
NH-NCO-La,0.0008365743708634373
NH-NCO-Lu,0.24055462177747092
NH-NCO-Nd,0.00019837877019533658
NH-NCO-Rh,4.7119304898816604e-05
NH-NCO-Ru,2.8568015005915918e-05
NH-NCO-Sc,9.393004110723639e-05
NH-NCO-Sm,1.801695723034977e-05
NH-NCO-Y,0.00011371320390248439
NH-NC-Rh,7.31213300782295e-06
NH-NC-Ru,0.00012296073906902763
NH-NCS-Al,8.769473209352116e-05
NH-NCS-Bi,1.033911271417073e-05
NH-NC-Sc,2.3358078320538154e-05
NH-NCS-Ce,3.2183512261453674e-05
NH-NCS-Co,0.000132654878887115
NH-NCS-Cr,1.159861312925693e-05
NH-NCS-Fe,1.1366400812955469e-05
NH-NCS-Ga,0.00023269852266219698
NH-NCS-Gd,2.189270997817632e-05
NH-NCS-In,4.2969559073400945e-05
NH-NCS-Ir,0.0007189697098870428
NH-NCS-La,0.0002026932829962873
NH-NCS-Lu,0.12991445138708504
NH-NC-Sm,0.0001573854369947863
NH-NCS-Nd,7.843545417011377e-05
NH-NCS-Rh,0.00015490441377257543
NH-NCS-Ru,4.810384583255452e-06
NH-NCS-Sc,1.032693191819428e-05
NH-NCS-Sm,4.956002948427616e-05
NH-NCS-Y,0.0005205472812039025
NH-NC-Y,6.27423922543501e-06
NH-NO-Al,9.041386434462722e-05
NH-NO-Bi,0.00012662842041902966
NH-NO-Ce,5.348004406158533e-05
NH-NO-Co,0.0001608850888619193
NH-NO-Cr,8.518820778256795e-05
NH-NO-Fe,6.185382688399619e-06
NH-NO-Ga,0.00018139940209112876
NH-NO-Gd,7.277005379676591e-05
NH-NO-In,3.2204834274199e-05
NH-NO-Ir,2.7443238667035982e-05
NH-NO-La,0.00015887453625310113
NH-NO-Lu,0.0003177251015455561
NH-NO-Nd,0.0005627981440902
NH-NO-Rh,0.00013343522303818403
NH-NO-Ru,5.7333266226892204e-05
NH-NO-Sc,1.9552104529466505e-05
NH-NO-Sm,2.2463933912555825e-05
NH-NO-Y,1.0882797995066797e-05
NH-OCN-Al,0.0003769324338557534
NH-OCN-Bi,1.6171213194001378e-05
NH-OCN-Ce,7.113994147105857e-05
NH-OCN-Co,0.00012980881783286447
NH-OCN-Cr,5.164319327726757e-05
NH-OCN-Fe,3.089742177699143e-05
NH-OCN-Ga,3.721814087765571e-05
NH-OCN-Gd,0.00033606841963874175
NH-OCN-In,0.00014631434570929855
NH-OCN-Ir,0.0001293651626357215
NH-OCN-La,0.00011324329371806465
NH-OCN-Lu,0.3208541985568869
NH-OCN-Nd,9.571274881765732e-05
NH-OCN-Rh,0.00022139437546801944
NH-OCN-Ru,0.0003618546747940724
NH-OCN-Sc,0.0001362001107441991
NH-OCN-Sm,6.80237769908885e-05
NH-OCN-Y,0.00019703950012462998
NH-SCN-Al,1.7989286975335905e-07
NH-SCN-Bi,3.279415003731315e-05
NH-SCN-Ce,7.801589223574424e-05
NH-SCN-Co,0.00023275055896239047
NH-SCN-Cr,0.0006926821273243944
NH-SCN-Fe,9.73898100898962e-06
NH-SCN-Ga,7.622793323243847e-05
NH-SCN-Gd,0.00012193079220853504
NH-SCN-In,0.000368355302547628
NH-SCN-Ir,2.2252649864317412e-05
NH-SCN-La,0.0001204737932934505
NH-SCN-Lu,0.004685566472740905
NH-SCN-Nd,2.9350151713337096e-05
NH-SCN-Rh,5.358274280736529e-05
NH-SCN-Ru,1.2870218813931584e-05
NH-SCN-Sc,4.544585428238148e-06
NH-SCN-Sm,0.0004538073198674873
NH-SCN-Y,0.00025983490605804393
NH-SH-Al,7.3881246944046035e-06
NH-SH-Bi,1.0488498645159086e-05
NH-SH-Ce,0.0001918104297540242
NH-SH-Co,0.0003551069781436154
NH-SH-Cr,1.689873608844852e-05
NH-SH-Fe,5.741552042141591e-06
NH-SH-Ga,0.0001701123637629517
NH-SH-Gd,0.0002810281238869604
NH-SH-In,5.040726261259128e-05
NH-SH-Ir,8.237372453567278e-06
NH-SH-La,0.0043853350810696265
NH-SH-Lu,0.03982788777605083
NH-SH-Nd,4.4688985131521344e-06
NH-SH-Rh,2.270912315716064e-05
NH-SH-Ru,2.5961089058822e-05
NH-SH-Sc,1.788162761232998e-05
NH-SH-Sm,4.563425123957838e-05
NH-SH-Y,7.55908196027689e-05
O-Br-Al,0.00032862639749888694
O-Br-Bi,8.922101549807042e-05
O-Br-Ce,9.056415080410273e-05
O-Br-Co,0.0005325536815526599
O-Br-Cr,0.0002790906362958048
O-Br-Fe,0.0003749659525420341
O-Br-Ga,1.8582250774722744e-05
O-Br-Gd,1.0455366490722086e-05
O-Br-In,5.739725225026544e-05
O-Br-Ir,1.4646363536520768e-05
O-Br-La,1.9440386618659244e-05
O-Br-Lu,0.5228331985174066
O-Br-Nd,0.00021468203531914388
O-Br-Rh,0.00019239268054157475
O-Br-Ru,3.7573011058998336e-05
O-Br-Sc,3.152955527585514e-05
O-Br-Sm,3.062001324639276e-05
O-Br-Y,6.111815093038528e-06
O-Cl-Al,0.00018691153353194513
O-Cl-Bi,3.778982630177626e-05
O-Cl-Ce,7.346219464324058e-07
O-Cl-Co,0.0001688869932539268
O-Cl-Cr,0.00019815127635035529
O-Cl-Fe,0.00013359925690528161
O-Cl-Ga,0.00016693694361626842
O-Cl-Gd,4.195721720412026e-05
O-Cl-In,0.00021180188713866457
O-Cl-Ir,2.1237512943312754e-05
O-Cl-La,9.289860352523835e-05
O-Cl-Lu,0.8479452232957307
O-Cl-Nd,5.799150507425213e-05
O-Cl-Rh,1.7806958744859092e-05
O-Cl-Ru,2.171953476455091e-05
O-Cl-Sc,3.802289124394084e-05
O-Cl-Sm,1.5048062198370282e-05
O-Cl-Y,6.025542418051976e-05
O-CN-Al,0.00011136279623360929
O-CN-Bi,0.00014776307802299532
O-CN-Ce,0.0003332263241279513
O-CN-Co,4.2828084817505115e-05
O-CN-Cr,4.7893115864739946e-05
O-CN-Fe,7.876584021431786e-05
O-CN-Ga,0.0005559243875725284
O-CN-Gd,3.8386082871641754e-05
O-CN-In,6.153262705447045e-05
O-CN-Ir,0.00025879466181812327
O-CN-La,0.0001747769702742307
O-CN-Lu,0.1699052817276463
O-CN-Nd,2.4568097027976798e-05
O-CN-Rh,2.2801580041658125e-05
O-CN-Ru,4.571734278661237e-05
O-CN-Sc,0.0004871615230764006
O-CN-Sm,3.346899504213534e-05
O-CN-Y,0.00010984284117463885
O-F-Al,5.7042922540270996e-05
O-F-Bi,0.0001231967892925716
O-F-Ce,0.00011632521110599746
O-F-Co,9.358071901970128e-05
O-F-Cr,2.5986152779876347e-05
O-F-Fe,0.0011561187060734393
O-F-Ga,0.0006386865593997463
O-F-Gd,0.0013595976954561397
O-F-In,0.00019340635879876506
O-F-Ir,3.4179478682843895e-06
O-F-La,3.6936545954052583e-06
O-F-Lu,1.0399603459435454
O-F-Nd,7.211584391551701e-05
O-F-Rh,0.0002684248302648209
O-F-Ru,0.00015438410547540744
O-F-Sc,0.0003742251745044374
O-F-Sm,1.495366434629779e-05
O-F-Y,2.268967934537808e-06
O-I-Al,9.64573898670808e-05
O-I-Bi,2.7509781629018275e-05
O-I-Ce,4.284208791186734e-05
O-I-Co,0.0005021752564920046
O-I-Cr,1.934774457582828e-05
O-I-Fe,0.004091901943209054
O-I-Ga,1.2637817479805045e-05
O-I-Gd,9.77351501404474e-05
O-I-In,0.00030356705101548375
O-I-Ir,0.0003514689664041288
O-I-La,2.0351132909527096e-05
O-I-Lu,4.346982563647774
O-I-Nd,1.271353682851704e-05
O-I-Rh,0.0001234449883147344
O-I-Ru,7.316145672498196e-05
O-I-Sc,6.497500192944585e-07
O-I-Sm,7.488061773680344e-05
O-I-Y,7.476003874313203e-05
O-NC-Al,5.952005851908059e-05
O-NC-Bi,2.7902152642374633e-05
O-NC-Ce,7.779954941292721e-05
O-NC-Co,0.0001249285037865213
O-NC-Cr,0.00027407211443634813
O-NC-Fe,0.00010333038665990047
O-NC-Ga,0.00018246960329495606
O-NC-Gd,7.966229761391906e-05
O-NC-In,9.044224852583483e-05
O-NC-Ir,3.8977927353994854e-05
O-NC-La,8.563325997463126e-05
O-NC-Lu,0.6101853261134004
O-NC-Nd,6.872184315480473e-05
O-NCO-Al,1.5580914553208568e-05
O-NCO-Bi,0.0011306975633344856
O-NCO-Ce,0.0004585916603140297
O-NCO-Co,0.00020634074349596866
O-NCO-Cr,0.00023813108758255095
O-NCO-Fe,0.00024403145648267983
O-NCO-Ga,0.00046693566443134943
O-NCO-Gd,0.00015273372323452875
O-NCO-In,0.000374614392259097
O-NCO-Ir,0.0008316870769657481
O-NCO-La,2.422537398329138e-05
O-NCO-Lu,0.17170525573731543
O-NCO-Nd,1.2690657980494084e-05
O-NCO-Rh,0.0003379894205418828
O-NCO-Ru,5.1621212773604175e-05
O-NCO-Sc,2.2591252217370796e-05
O-NCO-Sm,6.698720420490774e-06
O-NCO-Y,7.411350392740654e-05
O-NC-Rh,4.5659340856232865e-05
O-NC-Ru,6.971627843873474e-05
O-NCS-Al,1.3648432834296222e-05
O-NCS-Bi,0.00040681562026022896
O-NC-Sc,3.967926747155993e-05
O-NCS-Ce,0.0007415021145665637
O-NCS-Co,8.297881747513689e-05
O-NCS-Cr,0.0004239945172154403
O-NCS-Fe,7.611681450732612e-05
O-NCS-Ga,6.702321561637469e-05
O-NCS-Gd,8.21413223689877e-06
O-NCS-In,0.0004956117021880293
O-NCS-Ir,0.00018602863838880327
O-NCS-La,0.0018741874974365438
O-NCS-Lu,0.7945486750513868
O-NC-Sm,0.0004718215578532657
O-NCS-Nd,0.00040970205066299194
O-NCS-Rh,0.00021443120266760677
O-NCS-Ru,3.40897319246391e-05
O-NCS-Sc,5.851778509563449e-07
O-NCS-Sm,8.254438670959294e-06
O-NCS-Y,2.0882705374213294e-05
O-NC-Y,0.0001223606718158582
O-NO-Al,0.0003305686321721548
O-NO-Bi,0.00028876803245096337
O-NO-Ce,0.0002267703189504438
O-NO-Co,2.314506988656109e-05
O-NO-Cr,8.525888942186327e-05
O-NO-Fe,0.00029926829905932336
O-NO-Ga,0.00014782180074825825
O-NO-Gd,0.0001783284387099382
O-NO-In,0.000536809849355481
O-NO-Ir,0.0001994706266948991
O-NO-La,0.0003582229109515846
O-NO-Lu,0.0008753591636516027
O-NO-Nd,0.00010523760834585253
O-NO-Rh,8.639056479615992e-05
O-NO-Ru,3.4794492435575185e-05
O-NO-Sc,2.040778611728228e-05
O-NO-Sm,9.944991158319892e-05
O-NO-Y,4.210307469300991e-05
O-OCN-Al,1.7922732677207555e-05
O-OCN-Bi,0.00021952443948935278
O-OCN-Ce,3.460891447058809e-05
O-OCN-Co,0.0003691468276912764
O-OCN-Cr,0.00015320315539221806
O-OCN-Fe,0.00024431450900537456
O-OCN-Ga,0.0010492317524061845
O-OCN-Gd,0.0003923771886904011
O-OCN-In,3.0140385535170608e-05
O-OCN-Ir,0.00013008358951902398
O-OCN-La,0.0002322719173099218
O-OCN-Lu,0.0002565267115584372
O-OCN-Nd,8.11345323059659e-05
O-OCN-Rh,4.311053148041959e-05
O-OCN-Ru,0.000659827685768204
O-OCN-Sc,0.00016338017452751386
O-OCN-Sm,6.114599676186615e-05
O-OCN-Y,8.274319862216221e-06
O-SCN-Al,0.0003068753685369726
O-SCN-Bi,4.3877063870498686e-05
O-SCN-Ce,0.0009807692358014986
O-SCN-Co,0.00036646763161623006
O-SCN-Cr,1.279513548042133e-05
O-SCN-Fe,0.0012975202669145156
O-SCN-Ga,4.415828665109206e-05
O-SCN-Gd,0.0001420436461836237
O-SCN-In,0.00025891188643574237
O-SCN-Ir,4.310568735297224e-05
O-SCN-La,0.0002744876400971958
O-SCN-Lu,0.678133035491417
O-SCN-Nd,5.386734382533562e-05
O-SCN-Rh,0.00039366175644250413
O-SCN-Ru,3.544268088067384e-05
O-SCN-Sc,1.1795627434516138e-06
O-SCN-Sm,3.913837949089302e-05
O-SCN-Y,0.0001632071508377996
O-SH-Al,0.00023831144944876388
O-SH-Bi,4.9259468600608766e-05
O-SH-Ce,0.00016705859374025551
O-SH-Co,0.0007013462344750217
O-SH-Cr,0.00041003262959862547
O-SH-Fe,0.00026404715788990314
O-SH-Ga,0.000712981437233276
O-SH-Gd,0.0001955027683741025
O-SH-In,0.000914563434402922
O-SH-Ir,3.4600053491882913e-06
O-SH-La,0.0019452784322632893
O-SH-Lu,0.17473337653309487
O-SH-Nd,0.00010569406378601577
O-SH-Rh,0.0002104273364602613
O-SH-Ru,3.43122078691887e-05
O-SH-Sc,0.0002307556433246836
O-SH-Sm,9.195254944342846e-05
O-SH-Y,9.045045948717476e-06
PH-Br-Al,3.720136190557701e-05
PH-Br-Bi,3.372811203000551e-05
PH-Br-Ce,1.935342089633682e-05
PH-Br-Co,4.383337378059772e-05
PH-Br-Cr,0.00011636467041660586
PH-Br-Fe,0.002300252764555273
PH-Br-Ga,3.561452131361586e-05
PH-Br-Gd,0.0003063857064480774
PH-Br-In,0.00028098595715711483
PH-Br-Ir,6.242661049914598e-06
PH-Br-La,6.32824154725693e-05
PH-Br-Lu,0.1253336886880686
PH-Br-Nd,1.5317864189098086e-06
PH-Br-Rh,1.2499363076193517e-05
PH-Br-Ru,3.589623225650065e-06
PH-Br-Sc,4.281857419091175e-06
PH-Br-Sm,1.814152038109213e-05
PH-Br-Y,8.67015662031449e-06
PH-Cl-Al,3.9443231977103815e-05
PH-Cl-Bi,1.3268939184116719e-05
PH-Cl-Ce,0.0008411724401471066
PH-Cl-Co,2.1457924406344584e-05
PH-Cl-Cr,2.2503608976444748e-06
PH-Cl-Fe,2.402848069617246e-06
PH-Cl-Ga,0.00018584315979548914
PH-Cl-Gd,3.812796992762863e-05
PH-Cl-In,0.0003090750848150585
PH-Cl-Ir,2.4003708517064646e-06
PH-Cl-La,0.0004497753746352615
PH-Cl-Lu,0.3197620878010876
PH-Cl-Nd,6.573457604023604e-05
PH-Cl-Rh,2.9985326094603304e-05
PH-Cl-Ru,4.615953978760409e-05
PH-Cl-Sc,0.00013984939798169078
PH-Cl-Sm,3.7320199302186566e-05
PH-Cl-Y,2.1062086833663506e-05
PH-CN-Al,0.0002984011434152637
PH-CN-Bi,0.00012786390179422987
PH-CN-Ce,0.0007562990345401918
PH-CN-Co,0.000340481598088425
PH-CN-Cr,7.273766192369174e-05
PH-CN-Fe,9.372357638610066e-05
PH-CN-Ga,8.201588275159295e-05
PH-CN-Gd,2.880950599933648e-06
PH-CN-In,0.0011304409681985217
PH-CN-Ir,8.196906124175585e-06
PH-CN-La,0.004707656167014746
PH-CN-Lu,0.008481092400215141
PH-CN-Nd,2.5648294043422504e-05
PH-CN-Rh,2.591513985387958e-06
PH-CN-Ru,4.513950348684228e-05
PH-CN-Sc,1.3147148116885749e-05
PH-CN-Sm,4.1672760195099913e-07
PH-CN-Y,4.071006212194395e-05
PH-F-Al,8.616707684162085e-05
PH-F-Bi,6.939560007782888e-05
PH-F-Ce,0.00035313560011362023
PH-F-Co,0.0001293007216046351
PH-F-Cr,0.0002516301128280768
PH-F-Fe,0.00023758274803823088
PH-F-Ga,0.0016193059728534527
PH-F-Gd,0.0016349187521406097
PH-F-In,0.00028899333873092355
PH-F-Ir,0.00010933715210788709
PH-F-La,0.00023319360097043588
PH-F-Lu,0.1033720539965134
PH-F-Nd,0.0007257161901865569
PH-F-Rh,2.8504445025434627e-07
PH-F-Ru,0.00042344107250042525
PH-F-Sc,0.001948046171799424
PH-F-Sm,0.00010086905071193316
PH-F-Y,9.367760248197118e-05
PH-I-Al,1.1118021031937209e-07
PH-I-Bi,9.879547628882953e-05
PH-I-Ce,1.105919254503337e-05
PH-I-Co,3.286838278286912e-05
PH-I-Cr,0.00012954841362009905
PH-I-Fe,0.0005349322103308656
PH-I-Ga,8.74707440173641e-05
PH-I-Gd,2.2588822890394485e-05
PH-I-In,7.714001560842412e-06
PH-I-Ir,9.748588058598346e-06
PH-I-La,3.037255081369431e-05
PH-I-Lu,0.2062140186459907
PH-I-Nd,7.578274193261042e-07
PH-I-Rh,8.923955350347713e-05
PH-I-Ru,3.292982815007364e-05
PH-I-Sc,4.154739907448302e-05
PH-I-Sm,4.201223775487111e-05
PH-I-Y,4.326322153329007e-05
PH-NC-Al,4.697254194990297e-05
PH-NC-Bi,0.00032430183329236977
PH-NC-Ce,0.0005867848517253877
PH-NC-Co,0.00011117958396572043
PH-NC-Cr,2.7915696486505022e-05
PH-NC-Fe,0.0023067582149548286
PH-NC-Ga,2.224419302106062e-05
PH-NC-Gd,7.938252766372251e-05
PH-NC-In,5.471727086938207e-05
PH-NC-Ir,3.7959302545304436e-06
PH-NC-La,0.0008458176847738124
PH-NC-Lu,0.0037421347495429406
PH-NC-Nd,4.825479220940521e-06
PH-NCO-Al,0.000443766996543539
PH-NCO-Bi,0.0003092663953240929
PH-NCO-Ce,0.00019072155994039286
PH-NCO-Co,0.000502776473926269
PH-NCO-Cr,2.4664261789611717e-05
PH-NCO-Fe,0.0001948983970160656
PH-NCO-Ga,0.00039293069871712116
PH-NCO-Gd,1.1161535602753369e-05
PH-NCO-In,0.00035981750086282367
PH-NCO-Ir,0.0006745164193491898
PH-NCO-La,8.64687887218412e-05
PH-NCO-Lu,0.0003393660181590728
PH-NCO-Nd,0.00023847181280626742
PH-NCO-Rh,5.3984346385761156e-05
PH-NCO-Ru,1.5166605192413224e-05
PH-NCO-Sc,2.4367744986308594e-05
PH-NCO-Sm,0.00013742502371943206
PH-NCO-Y,0.0005732622748300684
PH-NC-Rh,2.2622588192690478e-05
PH-NC-Ru,4.4127646411073526e-05
PH-NCS-Al,0.00024609762722595783
PH-NCS-Bi,0.0002199970679764249
PH-NC-Sc,0.00010617850630992248
PH-NCS-Ce,0.008666617903405237
PH-NCS-Co,4.1808365469849896e-05
PH-NCS-Cr,2.539617081111097e-05
PH-NCS-Fe,0.001263658995394621
PH-NCS-Ga,5.793981723628653e-05
PH-NCS-Gd,1.4699777277954981e-05
PH-NCS-In,1.216197795486022e-05
PH-NCS-Ir,0.0003027129394308102
PH-NCS-La,6.803267307474687e-05
PH-NCS-Lu,0.004410371316770895
PH-NC-Sm,0.000480479422554228
PH-NCS-Nd,0.00019678287686195422
PH-NCS-Rh,5.301237763153724e-05
PH-NCS-Ru,0.00028373451581455194
PH-NCS-Sc,6.581549432011032e-06
PH-NCS-Sm,0.000930517974620657
PH-NCS-Y,2.5088720570543228e-06
PH-NC-Y,1.9300361999245533e-06
PH-NO-Al,1.04942716200581e-05
PH-NO-Bi,1.528806090942384e-05
PH-NO-Ce,0.00022526121718537698
PH-NO-Co,0.00013426627531550625
PH-NO-Cr,7.586189124660395e-05
PH-NO-Fe,0.0002752349173835577
PH-NO-Ga,0.0003374592876854161
PH-NO-Gd,0.0023684464540366813
PH-NO-In,1.929362399145858e-05
PH-NO-Ir,0.0003699165628837229
PH-NO-La,0.0013135742100091423
PH-NO-Lu,7.792480306902626e-05
PH-NO-Nd,0.00016553560462157592
PH-NO-Rh,3.023983029827483e-05
PH-NO-Ru,7.776948489261314e-05
PH-NO-Sc,0.00027235277613168514
PH-NO-Sm,0.0013390954874551034
PH-NO-Y,0.00040714900577490084
PH-OCN-Al,0.0009992112782807798
PH-OCN-Bi,0.00012731775899499132
PH-OCN-Ce,0.009785340381740235
PH-OCN-Co,0.00018878432943735093
PH-OCN-Cr,8.05419359655552e-05
PH-OCN-Fe,0.0011685852136195383
PH-OCN-Ga,0.0006254513191063475
PH-OCN-Gd,0.0011755113714579009
PH-OCN-In,8.908057415540639e-05
PH-OCN-Ir,0.001340127222246757
PH-OCN-La,5.327805675948029e-05
PH-OCN-Lu,0.06705940007237275
PH-OCN-Nd,0.00011018343585725132
PH-OCN-Rh,0.00010263899663977336
PH-OCN-Ru,4.085349438003184e-05
PH-OCN-Sc,6.3832655373714e-05
PH-OCN-Sm,0.0005270055504845305
PH-OCN-Y,0.00010474110435830236
PH-SCN-Al,0.00014980362601258303
PH-SCN-Bi,7.497776264326295e-05
PH-SCN-Ce,4.196464300229621e-05
PH-SCN-Co,2.6586143324670647e-06
PH-SCN-Cr,0.0001281263785562658
PH-SCN-Fe,1.4555320869405343e-05
PH-SCN-Ga,0.000348349129168752
PH-SCN-Gd,1.7398389299563084e-05
PH-SCN-In,0.0008748691240831989
PH-SCN-Ir,1.5848174381621368e-05
PH-SCN-La,0.00016908754119163039
PH-SCN-Lu,0.043331906234961144
PH-SCN-Nd,4.01677459219723e-05
PH-SCN-Rh,5.1412630641729764e-05
PH-SCN-Ru,7.065278176797917e-05
PH-SCN-Sc,0.0006997834200038967
PH-SCN-Sm,1.5522298057395684e-05
PH-SCN-Y,6.44121232463498e-05
PH-SH-Al,3.835815591759915e-05
PH-SH-Bi,2.2141128314521214e-06
PH-SH-Ce,0.00013485660846607054
PH-SH-Co,0.00045516295926325184
PH-SH-Cr,0.00015603869229880983
PH-SH-Fe,0.0010539104917177107
PH-SH-Ga,0.0001918116774960104
PH-SH-Gd,5.1485204404338405e-05
PH-SH-In,0.0002903944672382322
PH-SH-Ir,3.041013793503567e-05
PH-SH-La,0.00045016364146373305
PH-SH-Lu,0.2861113731502855
PH-SH-Nd,1.8329122079189595e-05
PH-SH-Rh,2.1267359490699183e-05
PH-SH-Ru,1.3983897703575927e-05
PH-SH-Sc,4.3755463198844274e-05
PH-SH-Sm,2.7144744613011085e-05
PH-SH-Y,2.8654996225737298e-05
S-Br-Al,1.4259506182578698e-05
S-Br-Bi,7.524481503142931e-06
S-Br-Ce,8.052145723710744e-06
S-Br-Co,0.00018874135118139272
S-Br-Cr,6.524305509079195e-05
S-Br-Fe,0.00021980345005016177
S-Br-Ga,0.0012862583882534855
S-Br-Gd,1.099824807963523e-06
S-Br-In,3.110165655677386e-05
S-Br-Ir,2.7393439686976444e-05
S-Br-La,0.005242865664818237
S-Br-Lu,4.050219657225121
S-Br-Nd,5.767637385856363e-05
S-Br-Rh,4.427270499529597e-05
S-Br-Ru,2.2513694738068018e-05
S-Br-Sc,3.026661981585546e-05
S-Br-Sm,1.1630134145496673e-05
S-Br-Y,2.835624074251365e-06
S-Cl-Al,1.6447451820087095e-05
S-Cl-Bi,1.04465564137964e-06
S-Cl-Ce,0.00013320258116366026
S-Cl-Co,0.0001318433224019408
S-Cl-Cr,0.0001495690110134052
S-Cl-Fe,0.0028205094347287115
S-Cl-Ga,0.00013873077365718744
S-Cl-Gd,8.72359195798674e-05
S-Cl-In,0.00031111327176536294
S-Cl-Ir,5.288496070605987e-05
S-Cl-La,0.0026973064446243877
S-Cl-Lu,6.06808445973976
S-Cl-Nd,6.887154655667508e-05
S-Cl-Rh,6.579847159020915e-05
S-Cl-Ru,6.200412811518277e-05
S-Cl-Sc,7.61359860187181e-06
S-Cl-Sm,1.8580849176681306e-05
S-Cl-Y,8.28151833428715e-05
S-CN-Al,3.107584875776043e-05
S-CN-Bi,0.00012013018759504218
S-CN-Ce,4.321447543376502e-05
S-CN-Co,0.0007344128411860537
S-CN-Cr,0.0007618178209023852
S-CN-Fe,9.879710963780984e-06
S-CN-Ga,0.00011075570295915239
S-CN-Gd,5.9809541545414004e-05
S-CN-In,0.000368619016818143
S-CN-Ir,3.631628057166928e-05
S-CN-La,0.006916513250941624
S-CN-Lu,0.34259269181217133
S-CN-Nd,4.9582037096497404e-05
S-CN-Rh,0.007506142163492253
S-CN-Ru,0.0017884634718113872
S-CN-Sc,0.003968319429293372
S-CN-Sm,3.787339091105129e-05
S-CN-Y,1.0556309029092104e-06
Se-Br-Al,3.7689225920467167e-05
Se-Br-Bi,4.608839355343305e-06
Se-Br-Ce,1.1277519813055883e-05
Se-Br-Co,0.00019813676690561428
Se-Br-Cr,3.090989135955575e-07
Se-Br-Fe,0.00010002618702111116
Se-Br-Ga,0.0008993637072650258
Se-Br-Gd,1.186535846373508e-05
Se-Br-In,6.044709792379569e-05
Se-Br-Ir,0.0004297463333427384
Se-Br-La,2.1127079695718652e-05
Se-Br-Lu,7.57776728358061e-05
Se-Br-Nd,1.6777086573400137e-05
Se-Br-Rh,0.00010344872706402578
Se-Br-Ru,0.0001034870313265972
Se-Br-Sc,7.43946232818352e-06
Se-Br-Sm,1.4366017901860752e-05
Se-Br-Y,3.6266556890131845e-06
Se-Cl-Al,1.767828226928622e-05
Se-Cl-Bi,8.004043391822505e-08
Se-Cl-Ce,4.189313508130752e-06
Se-Cl-Co,2.4820340171389232e-05
Se-Cl-Cr,0.00021772681217929464
Se-Cl-Fe,6.693069974413969e-05
Se-Cl-Ga,0.0017846962681803155
Se-Cl-Gd,7.349656220092373e-06
Se-Cl-In,9.64931260664255e-05
Se-Cl-Ir,0.00015619869318790134
Se-Cl-La,6.976531985305303e-05
Se-Cl-Lu,0.14371324059627297
Se-Cl-Nd,8.623390476284015e-05
Se-Cl-Rh,0.0010613322265829873
Se-Cl-Ru,0.0001753411155733142
Se-Cl-Sc,2.715789885870238e-05
Se-Cl-Sm,1.5783922945244678e-07
Se-Cl-Y,1.6592024915784543e-05
Se-CN-Al,0.007213761843607705
Se-CN-Bi,0.0002011184646762123
Se-CN-Ce,0.0009802136999364729
Se-CN-Co,0.009775529159251943
Se-CN-Cr,0.016378502375673083
Se-CN-Fe,0.010694463642181613
Se-CN-Ga,0.00533686677662098
Se-CN-Gd,4.1453187076624765e-05
Se-CN-In,0.001380416901643292
Se-CN-Ir,0.004575191781324749
Se-CN-La,0.00017645514849383288
Se-CN-Lu,0.008906890838148624
Se-CN-Nd,9.233640055962981e-05
Se-CN-Rh,0.0028518622967212567
Se-CN-Ru,0.005273255990619156
Se-CN-Sc,0.003146289764340076
Se-CN-Sm,1.562780714182937e-05
Se-CN-Y,0.0030737407835169307
Se-F-Al,0.004521546108755251
Se-F-Bi,0.0001886867027004395
Se-F-Ce,0.0009315090525821798
Se-F-Co,0.01832805427463585
Se-F-Cr,0.010276629797572203
Se-F-Fe,0.008183181310247326
Se-F-Ga,0.012503303551671436
Se-F-Gd,0.00014467783956255268
Se-F-In,0.00010110220955008744
Se-F-Ir,0.015851437249506318
Se-F-La,4.377137118719913e-06
Se-F-Lu,0.022181716085052663
Se-F-Nd,9.094185161365984e-05
Se-F-Rh,0.018832773460676144
Se-F-Ru,0.011238491497453047
Se-F-Sc,0.017342822197392426
Se-F-Sm,6.267948192381338e-05
Se-F-Y,0.0005390562043100573
Se-I-Al,2.6277894104234923e-06
Se-I-Bi,6.0300074300139954e-06
Se-I-Ce,1.1160261876543064e-05
Se-I-Co,0.0005825878496209662
Se-I-Cr,0.0003127167058809357
Se-I-Fe,0.0005241722865597758
Se-I-Ga,0.0015307592408114192
Se-I-Gd,8.819247314334896e-06
Se-I-In,3.536615128921742e-05
Se-I-Ir,0.001221573243970594
Se-I-La,1.71585209307114e-05
Se-I-Lu,0.07013254289552791
Se-I-Nd,4.828978450017492e-06
Se-I-Rh,0.00047874720568355343
Se-I-Ru,0.0019858641846525744
Se-I-Sc,1.5722184165965297e-05
Se-I-Sm,3.20247928616641e-05
Se-I-Y,2.8414242543671365e-05
Se-NC-Al,0.005832713241940786
Se-NC-Bi,2.667185449869758e-05
Se-NC-Ce,0.003066082875917542
Se-NC-Co,0.005497019151587807
Se-NC-Cr,0.009099334208738152
Se-NC-Fe,0.014911445150014576
Se-NC-Ga,0.006055127542371267
Se-NC-Gd,1.4677370676645521e-05
Se-NC-In,0.023386981634716003
Se-NC-Ir,0.003156556612742317
Se-NC-La,0.00019198927413626457
Se-NC-Lu,0.03196703778298528
Se-NC-Nd,1.07527719161344e-06
Se-NCO-Al,0.013812383923665576
Se-NCO-Bi,0.0002514356927120927
Se-NCO-Ce,0.0001821531672953448
Se-NCO-Co,0.0181049717980774
Se-NCO-Cr,0.016012089076175736
Se-NCO-Fe,0.020580982054722877
Se-NCO-Ga,0.013072867630438656
Se-NCO-Gd,0.01647037633386748
Se-NCO-In,0.016498380179122918
Se-NCO-Ir,0.020924553824513387
Se-NCO-La,0.011735783904927136
Se-NCO-Lu,0.04572876063439712
Se-NCO-Nd,8.283860135145357e-05
Se-NCO-Rh,0.03174219026916872
Se-NCO-Ru,0.008251112785106068
Se-NCO-Sc,0.02111723834060549
Se-NCO-Sm,0.021452506113879128
Se-NCO-Y,0.019676393140681505
Se-NC-Rh,0.01678083887052524
Se-NC-Ru,0.008929348467324906
Se-NCS-Al,0.004079360173646372
Se-NCS-Bi,4.5427868452142276e-05
Se-NC-Sc,0.009545337337790765
Se-NCS-Ce,2.216999878722495e-05
Se-NCS-Co,0.004085216670290164
Se-NCS-Cr,0.005410489764601243
Se-NCS-Fe,0.022563155926039264
Se-NCS-Ga,0.002427680992584153
Se-NCS-Gd,0.007156017596265093
Se-NCS-In,5.671198411677441e-05
Se-NCS-Ir,0.008096489588961335
Se-NCS-La,0.008673328796244027
Se-NCS-Lu,7.689732274794025e-05
Se-NC-Sm,0.016288854389234428
Se-NCS-Nd,1.2233613644405453e-05
Se-NCS-Rh,0.006718800220815094
Se-NCS-Ru,0.00405854014244801
Se-NCS-Sc,0.008217864040767365
Se-NCS-Sm,0.013136155897300286
Se-NCS-Y,3.192502611061673e-05
Se-NC-Y,1.373610857410102e-05
Se-NO-Al,0.010221068983759296
Se-NO-Bi,0.0012282415858729159
Se-NO-Ce,0.0005011481769636075
Se-NO-Co,4.271053713179043e-05
Se-NO-Cr,6.650750493350705e-05
Se-NO-Fe,0.0005016329664201995
Se-NO-Ga,9.772502852250352e-05
Se-NO-Gd,0.00020604793330838305
Se-NO-In,0.00010878792041875318
Se-NO-Ir,4.934232871332031e-05
Se-NO-La,0.0007297788286640238
Se-NO-Lu,2.4867536213494814
Se-NO-Nd,7.873363245062499e-05
Se-NO-Rh,0.00017304869046634014
Se-NO-Ru,1.5100709611788591e-05
Se-NO-Sc,5.424927141010658e-06
Se-NO-Sm,1.7955119024841676e-05
Se-NO-Y,2.39720720404278e-05
Se-OCN-Al,0.00043364670890434
Se-OCN-Bi,0.0005064181322611866
Se-OCN-Ce,0.0001393875792770747
Se-OCN-Co,6.281584091800498e-05
Se-OCN-Cr,0.00023917124565036414
Se-OCN-Fe,8.445382204873353e-05
Se-OCN-Ga,0.0019756024784052828
Se-OCN-Gd,7.669395204629098e-05
Se-OCN-In,9.884436643482997e-05
Se-OCN-Ir,5.817591477509233e-05
Se-OCN-La,0.00018929572292003815
Se-OCN-Lu,0.023395740604013258
Se-OCN-Nd,0.0006045394670563804
Se-OCN-Rh,2.5742263684851316e-05
Se-OCN-Ru,4.458817735288109e-05
Se-OCN-Sc,1.564585327420943e-05
Se-OCN-Sm,0.00017745648384177607
Se-OCN-Y,0.00013949351657908894
Se-SCN-Al,3.150213302401117e-05
Se-SCN-Bi,5.07010375160848e-05
Se-SCN-Ce,0.0001174780822766423
Se-SCN-Co,6.401259153472535e-05
Se-SCN-Cr,5.2469695165921996e-06
Se-SCN-Fe,0.0001610982413638406
Se-SCN-Ga,6.697210947926342e-05
Se-SCN-Gd,0.00016873436893322986
Se-SCN-In,0.00013660014104764442
Se-SCN-Ir,2.2878872791302427e-05
Se-SCN-La,0.0010468423234024382
Se-SCN-Lu,2.239969135779838e-05
Se-SCN-Nd,2.4663905276893898e-05
Se-SCN-Rh,0.0011958921764800372
Se-SCN-Ru,9.015639502274145e-06
Se-SCN-Sc,8.073237516472887e-05
Se-SCN-Sm,8.198891325943595e-06
Se-SCN-Y,5.172552264813059e-05
Se-SH-Al,2.565330234916913e-06
Se-SH-Bi,0.00010075173591484039
Se-SH-Ce,0.00010529113174455201
Se-SH-Co,8.980613705310545e-05
Se-SH-Cr,2.0926420322596513e-06
Se-SH-Fe,0.0002751083406553005
Se-SH-Ga,9.055834845146448e-05
Se-SH-Gd,4.889104956642516e-05
Se-SH-In,0.00047447878556574523
Se-SH-Ir,3.1057819219530474e-05
Se-SH-La,9.053885657909118e-05
Se-SH-Lu,0.012741202670238072
Se-SH-Nd,5.460456660136932e-06
Se-SH-Rh,1.802155595512043e-05
Se-SH-Ru,0.00018712559023051362
Se-SH-Sc,1.94850124927552e-05
Se-SH-Sm,3.3075958300056514e-05
Se-SH-Y,6.202756410802371e-07
S-F-Al,0.0003512674238540887
S-F-Bi,0.0006609419977678556
S-F-Ce,3.0546593288844196e-05
S-F-Co,7.060780046800416e-05
S-F-Cr,1.0180863247483034e-05
S-F-Fe,0.00010050996953536189
S-F-Ga,0.0011046982979879504
S-F-Gd,1.847138836420003e-05
S-F-In,0.00015984748755654222
S-F-Ir,1.5091968766515425e-05
S-F-La,5.01306990961479e-05
S-F-Lu,0.1078228448143307
S-F-Nd,0.00012007481344012216
S-F-Rh,0.00013436393493794797
S-F-Ru,7.230490927933293e-05
S-F-Sc,4.5875261935138425e-05
S-F-Sm,0.0009730633566367863
S-F-Y,0.00010249770873521882
S-I-Al,3.876828534426434e-05
S-I-Bi,1.6656720583061354e-05
S-I-Ce,5.5993777177966485e-06
S-I-Co,0.00017707866777272397
S-I-Cr,2.563467476534309e-05
S-I-Fe,1.7446741246525052e-05
S-I-Ga,0.00010852676653638066
S-I-Gd,1.2529633492013825e-05
S-I-In,0.0004126273071767642
S-I-Ir,1.5719697594332177e-05
S-I-La,0.00020242241145232345
S-I-Lu,9.205178426365377
S-I-Nd,3.0368448337060546e-05
S-I-Rh,6.972505039471762e-05
S-I-Ru,2.6551574874821117e-05
S-I-Sc,1.9408979224932927e-06
S-I-Sm,6.144781514575871e-06
S-I-Y,4.661125054402725e-06
S-NC-Al,2.224623893029842e-05
S-NC-Bi,0.0001625613552272552
S-NC-Ce,0.0008737289146743708
S-NC-Co,0.00014765467557117332
S-NC-Cr,6.349853493994817e-05
S-NC-Fe,0.0005495870645281838
S-NC-Ga,1.1510839695602808e-05
S-NC-Gd,0.0004946044255342893
S-NC-In,0.0002043205682429189
S-NC-Ir,7.811105590800045e-06
S-NC-La,0.00012525846635792187
S-NC-Lu,2.2402799766408044
S-NC-Nd,6.772016859110536e-05
S-NCO-Al,0.00012060102625217215
S-NCO-Bi,0.00018213149402150172
S-NCO-Ce,0.00010906238620598843
S-NCO-Co,3.6419969071081476e-05
S-NCO-Cr,3.2238670800007e-05
S-NCO-Fe,0.0001915531818177056
S-NCO-Ga,0.0002854634352044074
S-NCO-Gd,0.00041689159742591323
S-NCO-In,0.00011526443686408443
S-NCO-Ir,0.00012564377669588213
S-NCO-La,0.0007728125395585606
S-NCO-Lu,0.12796029750972007
S-NCO-Nd,1.87045967492271e-05
S-NCO-Rh,6.68641796814262e-06
S-NCO-Ru,0.00018903911760513307
S-NCO-Sc,3.389201577972143e-05
S-NCO-Sm,0.00020632633172787868
S-NCO-Y,0.00012916058567330672
S-NC-Rh,4.193320197800927e-05
S-NC-Ru,0.0003413201458587918
S-NCS-Al,3.264378168165576e-05
S-NCS-Bi,2.3993617509285915e-05
S-NC-Sc,3.577552991155595e-05
S-NCS-Ce,0.00013219051822414032
S-NCS-Co,0.000491015888249989
S-NCS-Cr,0.0002985988472193761
S-NCS-Fe,0.004076865201163689
S-NCS-Ga,2.636832680450623e-05
S-NCS-Gd,0.00019699973398370568
S-NCS-In,3.222185131391094e-05
S-NCS-Ir,0.00016558084975801536
S-NCS-La,2.4754266871946363e-05
S-NCS-Lu,0.025465309982120904
S-NC-Sm,7.335326788247553e-06
S-NCS-Nd,5.2263610268268365e-05
S-NCS-Rh,0.00020462800716559184
S-NCS-Ru,3.858587368481481e-05
S-NCS-Sc,2.008331596927372e-05
S-NCS-Sm,2.1630788111384856e-05
S-NCS-Y,6.311264278409303e-05
S-NC-Y,4.268428783662902e-05
S-NO-Al,0.00017654292131321885
S-NO-Bi,0.0001286348282418425
S-NO-Ce,0.00021393801789975348
S-NO-Co,3.777816052349994e-05
S-NO-Cr,0.00024309693900532198
S-NO-Fe,8.0280275321891e-05
S-NO-Ga,0.001235438357811786
S-NO-Gd,0.0001361205606586931
S-NO-In,0.0002251384293586229
S-NO-Ir,4.032811393971591e-05
S-NO-La,0.00031426972281163926
S-NO-Lu,0.08866674117878676
S-NO-Nd,6.279821978795582e-05
S-NO-Rh,0.0008560813575421852
S-NO-Ru,0.00018467971416665795
S-NO-Sc,0.00012794657415961326
S-NO-Sm,0.00011439564379616662
S-NO-Y,0.00011617259653310194
S-OCN-Al,0.0002612693477341771
S-OCN-Bi,0.0004927778511418077
S-OCN-Ce,0.00023440832474555122
S-OCN-Co,0.0004999965801435888
S-OCN-Cr,0.0003885091802162625
S-OCN-Fe,2.445868835165177e-05
S-OCN-Ga,0.0001683397056053726
S-OCN-Gd,5.7641283697921227e-05
S-OCN-In,2.7855462305352424e-05
S-OCN-Ir,1.0410139985269599e-05
S-OCN-La,7.135951370385939e-05
S-OCN-Lu,0.20290467328965356
S-OCN-Nd,0.0017388481224525224
S-OCN-Rh,3.557545672891324e-05
S-OCN-Ru,2.7026284629021224e-05
S-OCN-Sc,2.1097906619992596e-05
S-OCN-Sm,0.0004576945102985691
S-OCN-Y,3.1998412335578334e-05
S-SCN-Al,0.0001505556637762683
S-SCN-Bi,4.541352259601084e-05
S-SCN-Ce,2.646892953065785e-05
S-SCN-Co,0.00012314911312622117
S-SCN-Cr,0.00019981633472154373
S-SCN-Fe,0.00013080523033535802
S-SCN-Ga,1.931454256373843e-05
S-SCN-Gd,0.00037237956306571953
S-SCN-In,5.91077595779253e-05
S-SCN-Ir,8.472094344368612e-06
S-SCN-La,0.003498523212699645
S-SCN-Lu,0.10055214279834984
S-SCN-Nd,0.0003401468235601495
S-SCN-Rh,0.0001132212605724131
S-SCN-Ru,0.0005692294150909591
S-SCN-Sc,4.75622761643179e-05
S-SCN-Sm,0.0006627833006210589
S-SCN-Y,2.239721666057339e-05
S-SH-Al,1.5692047618921903e-05
S-SH-Bi,0.00037869029151527036
S-SH-Ce,0.00021753549606183016
S-SH-Co,0.00017948626157005012
S-SH-Cr,7.045182291950601e-05
S-SH-Fe,0.00019476649868835588
S-SH-Ga,0.0008745432143914389
S-SH-Gd,2.3621118806083972e-05
S-SH-In,5.648993839918826e-05
S-SH-Ir,8.405893553240942e-05
S-SH-La,2.899908775997554e-05
S-SH-Lu,0.04259716698482941
S-SH-Nd,0.0001454489673581816
S-SH-Rh,3.354598409055657e-05
S-SH-Ru,4.068726749885921e-05
S-SH-Sc,1.482188255253946e-05
S-SH-Sm,1.4565545651464411e-05
S-SH-Y,1.0378135636346355e-05
Te-Br-Al,2.728961302730958e-05
Te-Br-Bi,1.6044995415012936e-06
Te-Br-Ce,8.18072610584376e-06
Te-Br-Co,1.1323926824907118e-05
Te-Br-Cr,8.180329052228906e-05
Te-Br-Fe,0.00015439459017717381
Te-Br-Ga,2.6513042574050025e-06
Te-Br-Gd,3.4118172236882587e-06
Te-Br-In,0.00011627291728237914
Te-Br-Ir,1.2680331952431741e-05
Te-Br-La,0.0011498156460529863
Te-Br-Lu,3.0236464892916466
Te-Br-Nd,5.507099463741453e-06
Te-Br-Rh,0.000139916043752332
Te-Br-Ru,1.8144247552481814e-05
Te-Br-Sc,8.39567800408813e-06
Te-Br-Sm,6.198462370864233e-07
Te-Br-Y,2.5820761501062382e-05
Te-Cl-Al,2.63827706549456e-06
Te-Cl-Bi,3.96143937463425e-05
Te-Cl-Ce,1.605273053315039e-05
Te-Cl-Co,1.771641275386584e-05
Te-Cl-Cr,2.9610698433740587e-05
Te-Cl-Fe,1.813230260167662e-05
Te-Cl-Ga,0.0008457381728010298
Te-Cl-Gd,8.132635252191162e-05
Te-Cl-In,0.00012652016543813135
Te-Cl-Ir,4.99851697671997e-06
Te-Cl-La,0.00017914926692682564
Te-Cl-Lu,0.9278459381593305
Te-Cl-Nd,5.8998310277387845e-06
Te-Cl-Rh,3.392724821340952e-06
Te-Cl-Ru,6.477101063455561e-05
Te-Cl-Sc,0.00016191096052921522
Te-Cl-Sm,2.6233296296743045e-06
Te-Cl-Y,4.6651805672970495e-06
Te-CN-Al,0.0008095892156354888
Te-CN-Bi,0.0008503944660327461
Te-CN-Ce,0.00011666649219379226
Te-CN-Co,2.576855297580954e-05
Te-CN-Cr,4.222930673161993e-05
Te-CN-Fe,0.000404292336714891
Te-CN-Ga,0.0004617269872083924
Te-CN-Gd,3.2592900741524e-06
Te-CN-In,7.091553851156305e-05
Te-CN-Ir,0.0001375052795551903
Te-CN-La,4.1630706469814506e-05
Te-CN-Lu,0.13587352059467692
Te-CN-Nd,2.522371281414684e-05
Te-CN-Rh,0.00014885457508541242
Te-CN-Ru,9.208176147669481e-05
Te-CN-Sc,7.206435682085794e-05
Te-CN-Sm,3.976148550683767e-05
Te-CN-Y,4.091400372634959e-05
Te-F-Al,0.013495904198710542
Te-F-Bi,3.2917316214906815e-05
Te-F-Ce,0.0002530203248346345
Te-F-Co,0.02266777279659193
Te-F-Cr,0.016189720249351933
Te-F-Fe,0.026751636879423567
Te-F-Ga,6.663407437888245e-05
Te-F-Gd,7.882681304142461e-05
Te-F-In,2.523217355991602e-05
Te-F-Ir,0.011575030996495761
Te-F-La,0.00029675417664842916
Te-F-Lu,0.250218944001805
Te-F-Nd,6.830189775705418e-06
Te-F-Rh,0.019771110842535498
Te-F-Ru,0.02666243005270023
Te-F-Sc,4.6356123302674773e-05
Te-F-Sm,0.0019447151798064237
Te-F-Y,0.00014223640724760176
Te-I-Al,3.0581346978369814e-05
Te-I-Bi,4.7557343347397965e-07
Te-I-Ce,9.399237681528023e-07
Te-I-Co,0.0007177109315351744
Te-I-Cr,4.887827603988177e-06
Te-I-Fe,1.1381109512652425e-05
Te-I-Ga,8.45953036841979e-06
Te-I-Gd,0.0012359975333085034
Te-I-In,0.00021745286982738393
Te-I-Ir,1.236095074449664e-06
Te-I-La,8.068655932109373e-06
Te-I-Lu,0.04309098416027451
Te-I-Nd,4.703007718979737e-07
Te-I-Rh,0.00010865460125407025
Te-I-Ru,2.203981491461721e-05
Te-I-Sc,1.0475263072636563e-07
Te-I-Sm,1.362536706079235e-06
Te-I-Y,1.5008823000827272e-05
Te-NC-Al,0.010903204959649098
Te-NC-Bi,0.0009536570696585743
Te-NC-Ce,4.362913800859679e-05
Te-NC-Co,0.012291810019707949
Te-NC-Cr,0.022214309668680213
Te-NC-Fe,0.004065341509421253
Te-NC-Ga,0.0008529349038805542
Te-NC-Gd,0.005847691820523512
Te-NC-In,0.00013694977253735893
Te-NC-Ir,0.012295571560365752
Te-NC-La,0.0002454975970349123
Te-NC-Lu,0.02499117175607631
Te-NC-Nd,1.4089743406386284e-05
Te-NCO-Al,0.024282922472089748
Te-NCO-Bi,8.223978960884338e-05
Te-NCO-Ce,9.871339124465588e-05
Te-NCO-Co,0.025534988875379833
Te-NCO-Cr,0.03248569932926374
Te-NCO-Fe,0.1245441217265911
Te-NCO-Ga,0.0024894434074506384
Te-NCO-Gd,0.03319935167183331
Te-NCO-In,1.907950693115578e-05
Te-NCO-Ir,0.025295410657556104
Te-NCO-La,0.003659530248408265
Te-NCO-Lu,0.03286832144968293
Te-NCO-Nd,8.535111067395254e-05
Te-NCO-Rh,0.025098875511566924
Te-NCO-Ru,0.01947838515639893
Te-NCO-Sc,0.01783702582252883
Te-NCO-Sm,3.680665719055512e-05
Te-NCO-Y,0.028589402628509723
Te-NC-Rh,0.017009944858785528
Te-NC-Ru,0.01715927387672922
Te-NCS-Al,0.005012428505760001
Te-NCS-Bi,3.7651387943322346e-05
Te-NC-Sc,0.008907425544371595
Te-NCS-Ce,1.9405422826293812e-05
Te-NCS-Co,0.005247706669716031
Te-NCS-Cr,0.016194460504012544
Te-NCS-Fe,0.0005358831962229651
Te-NCS-Ga,0.006210988361584849
Te-NCS-Gd,6.861519526617455e-05
Te-NCS-In,7.802814194793925e-06
Te-NCS-Ir,0.010994363910253435
Te-NCS-La,0.004417659891129544
Te-NCS-Lu,0.0001491095108105542
Te-NC-Sm,5.523361708270852e-05
Te-NCS-Nd,3.465475143747949e-06
Te-NCS-Rh,0.0007567733242212738
Te-NCS-Ru,0.011087784036069534
Te-NCS-Sc,0.006296612958937687
Te-NCS-Sm,1.2735293857002543e-05
Te-NCS-Y,0.009247622002868446
Te-NC-Y,0.009970520922824182
Te-NO-Al,0.017253514387859853
Te-NO-Bi,0.00041647755734132875
Te-NO-Ce,0.00034719518809324683
Te-NO-Co,0.021886948885459515
Te-NO-Cr,0.02628741587528691
Te-NO-Fe,0.05779910427264556
Te-NO-Ga,0.021563514025360546
Te-NO-Gd,8.239161481557359e-06
Te-NO-In,0.0005796347236126174
Te-NO-Ir,0.01654791964259914
Te-NO-La,2.8053706479971354e-06
Te-NO-Lu,0.11443277450074903
Te-NO-Nd,5.538166893099281e-06
Te-NO-Rh,0.04944664462073632
Te-NO-Ru,0.012165687750324053
Te-NO-Sc,0.028116915116751948
Te-NO-Sm,0.000635878835858086
Te-NO-Y,1.4625209535425841e-05
Te-OCN-Al,0.024531955389449838
Te-OCN-Bi,0.00012111781557054574
Te-OCN-Ce,1.8811409446838017e-05
Te-OCN-Co,0.024012282063884796
Te-OCN-Cr,0.027975787816315892
Te-OCN-Fe,0.03389988812814612
Te-OCN-Ga,0.03380054652783947
Te-OCN-Gd,1.1927937298832498e-05
Te-OCN-In,0.000330975169645965
Te-OCN-Ir,0.026468433197687467
Te-OCN-La,5.6091072601276874e-05
Te-OCN-Lu,0.1699882907747511
Te-OCN-Nd,6.602454610625506e-05
Te-OCN-Rh,0.03484498539278853
Te-OCN-Ru,0.039902917258173846
Te-OCN-Sc,0.03187714946413572
Te-OCN-Sm,4.9908306952799906e-05
Te-OCN-Y,8.034738449651141e-05
Te-SCN-Al,0.00017858864426111823
Te-SCN-Bi,0.019142812264046113
Te-SCN-Ce,0.0015501221359790773
Te-SCN-Co,0.009608646592051157
Te-SCN-Cr,0.009192246697760687
Te-SCN-Fe,0.017237534460714382
Te-SCN-Ga,0.0001666076066315259
Te-SCN-Gd,0.009804422058461534
Te-SCN-In,3.293052007922291e-05
Te-SCN-Ir,3.3398176969826835e-05
Te-SCN-La,0.0007693306329384901
Te-SCN-Lu,0.003294294690823494
Te-SCN-Nd,3.2892651870440896e-05
Te-SCN-Rh,7.489788052634112e-05
Te-SCN-Ru,0.007489391428341282
Te-SCN-Sc,8.36749459180346e-05
Te-SCN-Sm,0.00011575322382863672
Te-SCN-Y,0.0003462068274040953
Te-SH-Al,4.246278010882811e-06
Te-SH-Bi,1.6744155417237332e-05
Te-SH-Ce,0.00015979282307158402
Te-SH-Co,0.00024747661081552636
Te-SH-Cr,0.0001766404413565948
Te-SH-Fe,0.0031029574039083195
Te-SH-Ga,0.0007399601783907477
Te-SH-Gd,1.6510072242091323e-05
Te-SH-In,3.745625369978148e-05
Te-SH-Ir,4.831366933421947e-05
Te-SH-La,5.083601828242542e-05
Te-SH-Lu,0.007112797055746601
Te-SH-Nd,9.646754404412357e-06
Te-SH-Rh,1.5879192129257702e-05
Te-SH-Ru,0.0007997545612310515
Te-SH-Sc,3.725362747483801e-05
Te-SH-Sm,7.033843681847612e-06
Te-SH-Y,0.0011939572755385946
Cl-Br-Ba,7.289543384409045e-05
Cl-Br-Be,0.00011811008393057838
Cl-Br-Ca,9.419568059092338e-06
Cl-Br-Cd,5.4652034293299596e-05
Cl-Br-Co,9.739425808628536e-05
Cl-Br-Cu,0.002964623958853055
Cl-Br-Fe,2.2103045348115547e-05
Cl-Br-Mg,0.00017211915498010162
Cl-Br-Mn,0.00018997614785932148
Cl-Br-Ni,1.5373933672603404e-05
Cl-Br-Pb,7.901728379857908e-05
Cl-Br-Pd,2.133070235977449e-05
Cl-Br-Pt,2.7577328693067807e-05
Cl-Br-Sr,1.0916570772870093e-05
Cl-Br-Zn,0.00028428357203329066
CN-Br-Ba,3.3285102672225875e-05
CN-Br-Be,0.0029536855956361612
CN-Br-Ca,2.2223129332642032e-05
CN-Br-Cd,0.0004254882793491758
CN-Br-Co,0.0009805885337869204
CN-Br-Cu,0.005932611269689052
CN-Br-Fe,0.00012133037357557155
CN-Br-Mg,0.011643487768453944
CN-Br-Mn,0.0003862537959018156
CN-Br-Ni,0.0012449417341762563
CN-Br-Pb,4.068703819761472e-05
CN-Br-Pd,9.81259082582709e-06
CN-Br-Pt,0.0006363070960066743
CN-Br-Sr,6.699087582423213e-06
CN-Br-Zn,0.0009705001577160598
CN-Cl-Ba,3.694099781561769e-05
CN-Cl-Be,0.0005763949999893086
CN-Cl-Ca,9.602402379467655e-08
CN-Cl-Cd,0.00021814040055688738
CN-Cl-Co,0.0004538329139659461
CN-Cl-Cu,0.0050048635360568396
CN-Cl-Fe,0.007619165880325368
CN-Cl-Mg,0.002374063723657897
CN-Cl-Mn,0.0027613447985539823
CN-Cl-Ni,0.0004877584746090253
CN-Cl-Pb,0.0006637153474094059
CN-Cl-Pd,0.0006347537680802946
CN-Cl-Pt,6.233747380114854e-05
CN-Cl-Sr,9.014741049465634e-06
CN-Cl-Zn,0.00022767309219393935
CN-F-Ba,0.00030246831328249523
CN-F-Be,0.00011191509934610888
CN-F-Ca,0.00016120084371414414
CN-F-Cd,7.061098360855626e-05
CN-F-Co,0.00033025752350014556
CN-F-Cu,0.00431434723965455
CN-F-Fe,0.00029416080654759376
CN-F-Mg,0.001000033087326376
CN-F-Mn,4.185975262030342e-05
CN-F-Ni,4.4279698722593335e-05
CN-F-Pb,0.0003248681366690994
CN-F-Pd,0.0007468937057245906
CN-F-Pt,0.0003741707697894619
CN-F-Sr,7.353890430609565e-06
CN-F-Zn,1.3592621048518872e-05
CN-I-Ba,0.00010182882257307082
CN-I-Be,0.0031446428900261184
CN-I-Ca,1.4578538454118253e-05
CN-I-Cd,0.000521036365069139
CN-I-Co,0.0002816360020166756
CN-I-Cu,0.0010555433093419402
CN-I-Fe,0.012427828961756562
CN-I-Mg,0.0012528279587460714
CN-I-Mn,0.00034492228987429796
CN-I-Ni,0.0037967914983131107
CN-I-Pb,0.0006349124297088186
CN-I-Pd,6.727383339726138e-05
CN-I-Pt,4.5060731214604605e-05
CN-I-Sr,3.1611455959595244e-06
CN-I-Zn,0.0029280105406672544
F-Br-Ba,0.00017828690130696612
F-Br-Be,0.0011020374759422016
F-Br-Ca,1.2974138922392046e-05
F-Br-Cd,2.6683722153884426e-05
F-Br-Co,5.2896789827800266e-05
F-Br-Cu,0.01046977983641056
F-Br-Fe,0.002138216131658419
F-Br-Mg,0.00440442959336697
F-Br-Mn,0.00015876058383905057
F-Br-Ni,0.0007699364933096278
F-Br-Pb,0.0002317016880514502
F-Br-Pd,0.0008285324195180905
F-Br-Pt,4.870652970575269e-05
F-Br-Sr,9.803483665435155e-06
F-Br-Zn,0.000238483003374279
F-Cl-Ba,5.164476719162883e-05
F-Cl-Be,0.0005979975354270024
F-Cl-Ca,2.6968401755184256e-06
F-Cl-Cd,0.00022345838970276824
F-Cl-Co,0.0003466039791835496
F-Cl-Cu,0.0007745094804110816
F-Cl-Fe,0.0002836532956707337
F-Cl-Mg,0.0013123097452198236
F-Cl-Mn,0.00016620195193977187
F-Cl-Ni,0.0006568313435543098
F-Cl-Pb,0.0007309543939896426
F-Cl-Pd,0.0003573242566372556
F-Cl-Pt,0.00030687978058046835
F-Cl-Sr,0.0003014492987141109
F-Cl-Zn,0.0014233808393667078
I-Br-Ba,1.0883740704131704e-05
I-Br-Be,0.005909738242568744
I-Br-Ca,3.7015088914187886e-05
I-Br-Cd,0.0001274157099343941
I-Br-Co,2.0698922741674516e-06
I-Br-Cu,0.0013940899389677907
I-Br-Fe,0.0018093056163830511
I-Br-Mg,9.661732668395058e-05
I-Br-Mn,0.00025193926647277984
I-Br-Ni,0.003586089931437835
I-Br-Pb,8.402348119323715e-06
I-Br-Pd,2.8678114944002424e-06
I-Br-Pt,3.520797556412875e-05
I-Br-Sr,2.240120593772145e-06
I-Br-Zn,0.0016741225688436654
I-Cl-Ba,8.258009219236287e-05
I-Cl-Be,0.00010504052335753988
I-Cl-Ca,2.9468447730341435e-06
I-Cl-Cd,0.00020229621862684824
I-Cl-Co,2.0192469277335496e-05
I-Cl-Cu,0.03933306579005644
I-Cl-Fe,0.0024148209376777348
I-Cl-Mg,0.0001430290159096023
I-Cl-Mn,0.00012741319570552646
I-Cl-Ni,0.0002383220465127294
I-Cl-Pb,4.684523482344216e-06
I-Cl-Pd,0.00024743562493222365
I-Cl-Pt,2.234901524547862e-05
I-Cl-Sr,2.886194926678696e-05
I-Cl-Zn,0.0003461673265516135
I-F-Ba,4.787383782315755e-06
I-F-Be,0.0003288963734778003
I-F-Ca,0.0009291309712419601
I-F-Cd,0.00021906899979007126
I-F-Co,0.0003966320098902935
I-F-Cu,0.03733016288420306
I-F-Fe,0.0003812392183382726
I-F-Mg,0.0033184824478597746
I-F-Mn,0.0018685725784870584
I-F-Ni,0.00033323347212149495
I-F-Pb,0.00023657121364200088
I-F-Pd,0.0005658063101162533
I-F-Pt,0.0002898468289932232
I-F-Sr,4.063265565486165e-06
I-F-Zn,0.0005070589759166954
NC-Br-Ba,8.223311817570706e-05
NC-Br-Be,0.00025298392773466413
NC-Br-Ca,3.917337670301115e-05
NC-Br-Cd,0.00023736706088486607
NC-Br-Co,0.000241983256666237
NC-Br-Cu,0.005259036283030355
NC-Br-Fe,0.007369098676594782
NC-Br-Mg,0.001125773297313422
NC-Br-Mn,0.00047208131897873883
NC-Br-Ni,0.0017105510555750158
NC-Br-Pb,7.259557034831437e-05
NC-Br-Pd,0.00011254385119418757
NC-Br-Pt,0.00013652403321169894
NC-Br-Sr,0.0003101738143650147
NC-Br-Zn,0.00014263776130063436
NC-Cl-Ba,0.00010329476968367173
NC-Cl-Be,0.0018176925067062905
NC-Cl-Ca,2.7797147833208303e-05
NC-Cl-Cd,7.936793281727527e-05
NC-Cl-Co,0.0008463371424088711
NC-Cl-Cu,0.0162871343656495
NC-Cl-Fe,2.3988414609483317e-05
NC-Cl-Mg,0.0005698385007454884
NC-Cl-Mn,0.000989168707684172
NC-Cl-Ni,0.006348564035448776
NC-Cl-Pb,0.00028169998305684535
NC-Cl-Pd,0.0002283584356397742
NC-Cl-Pt,2.9290382874327334e-05
NC-Cl-Sr,9.864284207922217e-05
NC-Cl-Zn,3.5851090904411656e-05
NC-CN-Ba,3.434782649298144e-05
NC-CN-Be,0.00041167425255723733
NC-CN-Ca,0.0003833945329715114
NC-CN-Cd,0.00028261330991516
NC-CN-Co,0.0008113924265897997
NC-CN-Cu,0.0011698765391515962
NC-CN-Fe,0.00019530153711467724
NC-CN-Mg,0.0012128601824819125
NC-CN-Mn,0.001292645709222832
NC-CN-Ni,0.0003349196039418207
NC-CN-Pb,0.00014790392771250063
NC-CN-Pd,0.0006855706983477518
NC-CN-Pt,0.00026480175154903286
NC-CN-Sr,3.506684682048125e-05
NC-CN-Zn,0.00039349450229293395
NC-F-Ba,0.00016104976886679737
NC-F-Be,7.37035216247879e-06
NC-F-Ca,0.0005534901821144598
NC-F-Cd,0.0009658385538517846
NC-F-Co,1.0705122097350095e-05
NC-F-Cu,0.0009188116702800121
NC-F-Fe,0.0005542226167084616
NC-F-Mg,0.0005712488012818292
NC-F-Mn,9.914659774563697e-05
NC-F-Ni,0.00035169395641643247
NC-F-Pb,0.0005427593160669795
NC-F-Pd,0.00038925210398090286
NC-F-Pt,0.00022416245382171057
NC-F-Sr,0.0025192196453161526
NC-F-Zn,0.0009310660537103566
NC-I-Ba,2.2495933005064877e-05
NC-I-Be,0.002321834346286385
NC-I-Ca,3.483599430500849e-05
NC-I-Cd,5.858480061566015e-05
NC-I-Co,0.00021466260652949388
NC-I-Cu,0.19807046731974695
NC-I-Fe,0.00014322453080008077
NC-I-Mg,0.002364778980507101
NC-I-Mn,0.013578574235575427
NC-I-Ni,0.009250750391467074
NC-I-Pb,0.00015873059931200166
NC-I-Pd,8.657466595881251e-05
NC-I-Pt,0.00012052509776556983
NC-I-Sr,4.524815709972142e-07
NC-I-Zn,7.462670311445964e-05
NCO-Br-Ba,3.322435909493367e-05
NCO-Br-Be,0.000345389212832759
NCO-Br-Ca,0.0003246958922557658
NCO-Br-Cd,0.0006767351587928639
NCO-Br-Co,7.031258090290493e-05
NCO-Br-Cu,0.00041992901293534527
NCO-Br-Fe,0.004675382470879628
NCO-Br-Mg,0.007650740601354394
NCO-Br-Mn,0.0007296993100079345
NCO-Br-Ni,0.008113882597786662
NCO-Br-Pb,0.00018784957548630837
NCO-Br-Pd,5.631182634190618e-05
NCO-Br-Pt,0.00015891525080164926
NCO-Br-Sr,0.00022971522282584596
NCO-Br-Zn,5.8507226155365594e-05
NCO-Cl-Ba,0.00011015229268385156
NCO-Cl-Be,1.5504158734389808e-05
NCO-Cl-Ca,2.0264632449405463e-05
NCO-Cl-Cd,0.0003562905650913569
NCO-Cl-Co,0.00014137929613892714
NCO-Cl-Cu,0.0003439611372693913
NCO-Cl-Fe,0.0016792654270798525
NCO-Cl-Mg,0.00011112791013578116
NCO-Cl-Mn,0.0002524380460155471
NCO-Cl-Ni,0.0033472844831950337
NCO-Cl-Pb,6.53103879078978e-05
NCO-Cl-Pd,0.00017779533641725494
NCO-Cl-Pt,0.00017107229540442074
NCO-Cl-Sr,0.00016137799403667796
NCO-Cl-Zn,0.0006562032716509742
NCO-CN-Ba,1.8296984397094708e-05
NCO-CN-Be,0.0011496902386953383
NCO-CN-Ca,0.0005198124292894934
NCO-CN-Cd,0.0005344403751155638
NCO-CN-Co,0.001097250249186447
NCO-CN-Cu,0.0012101680709968232
NCO-CN-Fe,0.0001550658410652074
NCO-CN-Mg,0.0028674090141031
NCO-CN-Mn,0.0007702202601932034
NCO-CN-Ni,6.132885630989691e-05
NCO-CN-Pb,0.00011177200026487636
NCO-CN-Pd,0.0001223996397258715
NCO-CN-Pt,4.877382680115945e-05
NCO-CN-Sr,0.0017737536559243755
NCO-CN-Zn,0.00117586899977732
NCO-F-Ba,0.0015954173748414598
NCO-F-Be,0.000590044895285796
NCO-F-Ca,0.00030376971108880845
NCO-F-Cd,0.0004091453204652012
NCO-F-Co,0.00034323069476723667
NCO-F-Cu,0.004980789861014458
NCO-F-Fe,0.0004237609424599599
NCO-F-Mg,0.0009725731823201563
NCO-F-Mn,0.00011207242656260237
NCO-F-Ni,0.001126952847429929
NCO-F-Pb,0.0006379927656562227
NCO-F-Pd,0.00019132783393895376
NCO-F-Pt,2.2548457621703716e-05
NCO-F-Sr,8.074693438998623e-05
NCO-F-Zn,8.407209614051408e-05
NCO-I-Ba,0.00011185945602273055
NCO-I-Be,0.0025332421414331766
NCO-I-Ca,5.3301863308914255e-05
NCO-I-Cd,9.884298060428548e-05
NCO-I-Co,0.0004330932592198291
NCO-I-Cu,0.030237731819734652
NCO-I-Fe,0.0014100045200573059
NCO-I-Mg,0.0009447052718028755
NCO-I-Mn,0.00013000704361994272
NCO-I-Ni,0.0019142811110093713
NCO-I-Pb,0.00012515559368187808
NCO-I-Pd,0.00023887322308044915
NCO-I-Pt,0.0002072803525775407
NCO-I-Sr,0.0003667887151351177
NCO-I-Zn,0.00012659407606991754
NCO-NC-Ba,0.0017859581348966108
NCO-NC-Be,0.0006078100915122809
NCO-NC-Ca,7.608120701233858e-05
NCO-NC-Cd,0.0002628756135149638
NCO-NC-Co,5.263608894029929e-05
NCO-NC-Cu,0.032131363737862774
NCO-NC-Fe,0.00024518958188265104
NCO-NC-Mg,0.0003834762385887433
NCO-NC-Mn,0.00011841007417394602
NCO-NC-Ni,0.0020406775627239493
NCO-NC-Pb,5.724124145059097e-06
NCO-NC-Pd,0.00014349437007195383
NCO-NC-Pt,0.0005505501771876853
NCO-NC-Sr,5.307890632293769e-05
NCO-NC-Zn,6.912374751154204e-05
NCS-Br-Ba,1.9377547229587695e-05
NCS-Br-Be,0.0010744582623199092
NCS-Br-Ca,5.1804001854056675e-06
NCS-Br-Cd,3.6274108946718914e-05
NCS-Br-Co,4.5613289676554017e-05
NCS-Br-Cu,0.03366251834710245
NCS-Br-Fe,0.00027507135940056947
NCS-Br-Mg,2.73594075736069e-05
NCS-Br-Mn,0.0012047412016425244
NCS-Br-Ni,0.00045284354041500796
NCS-Br-Pb,0.00022485493305835982
NCS-Br-Pd,0.00025470492117040045
NCS-Br-Pt,6.607069795225729e-05
NCS-Br-Sr,0.00010030856446299288
NCS-Br-Zn,0.0011626667918945672
NCS-Cl-Ba,0.00012561706671285615
NCS-Cl-Be,7.486763703053425e-05
NCS-Cl-Ca,6.830728656508256e-06
NCS-Cl-Cd,8.401567173616246e-06
NCS-Cl-Co,0.0003311136536130688
NCS-Cl-Cu,0.008299073819649592
NCS-Cl-Fe,0.0017422803194705615
NCS-Cl-Mg,0.0006395121314217954
NCS-Cl-Mn,0.0002445992161886313
NCS-Cl-Ni,0.00035005936848659487
NCS-Cl-Pb,0.00021340420680297084
NCS-Cl-Pd,7.675460735921022e-05
NCS-Cl-Pt,2.4519987459954706e-05
NCS-Cl-Sr,3.5041746607090058e-06
NCS-Cl-Zn,0.002039937184171827
NCS-CN-Ba,4.9646420854004036e-05
NCS-CN-Be,0.002907732026133383
NCS-CN-Ca,2.3963273462064537e-05
NCS-CN-Cd,7.795797306232375e-05
NCS-CN-Co,0.0004166964153081656
NCS-CN-Cu,0.000247762174822396
NCS-CN-Fe,0.0003860467580170761
NCS-CN-Mg,0.0005266489582860871
NCS-CN-Mn,0.00016454299411096173
NCS-CN-Ni,0.0028329606462827017
NCS-CN-Pb,0.00027917068093792256
NCS-CN-Pd,0.0008129660147732767
NCS-CN-Pt,0.00011291777785657555
NCS-CN-Sr,0.0005428685695714425
NCS-CN-Zn,0.00013291614209280704
NCS-F-Ba,0.00020956921895823205
NCS-F-Be,0.0011637291248411835
NCS-F-Ca,0.00013286966451703448
NCS-F-Cd,0.0009742541988666881
NCS-F-Co,0.00012350379786916815
NCS-F-Cu,0.00142626867821642
NCS-F-Fe,0.0006102394362027013
NCS-F-Mg,0.0006057823574421521
NCS-F-Mn,0.0020691009602507205
NCS-F-Ni,4.6048172013144875e-05
NCS-F-Pb,3.1559510016021393e-05
NCS-F-Pd,7.85615577775869e-05
NCS-F-Pt,0.0009811860940051715
NCS-F-Sr,6.603101843106721e-05
NCS-F-Zn,0.0003581531538167829
NCS-I-Ba,8.878557387601161e-06
NCS-I-Be,0.00022549449410456861
NCS-I-Ca,0.00010248233119358612
NCS-I-Cd,0.0005698587093184185
NCS-I-Co,3.795931956363508e-05
NCS-I-Cu,0.02068124733124318
NCS-I-Fe,0.000326070878880591
NCS-I-Mg,6.503335601075327e-05
NCS-I-Mn,6.546934046576419e-05
NCS-I-Ni,0.00016993811223667472
NCS-I-Pb,1.4219025109800631e-05
NCS-I-Pd,8.171549685440343e-05
NCS-I-Pt,0.00023639014703059295
NCS-I-Sr,1.0508648369606702e-05
NCS-I-Zn,0.0002982014326824507
NCS-NC-Ba,0.00014996134144021152
NCS-NC-Be,0.0007443384583219868
NCS-NC-Ca,6.69840620241483e-06
NCS-NC-Cd,0.0012043660975059325
NCS-NC-Co,0.0008239889795113373
NCS-NC-Cu,0.002812320375379136
NCS-NC-Fe,0.0003915930989204612
NCS-NC-Mg,0.0014219436681883716
NCS-NC-Mn,0.00030721466163033525
NCS-NC-Ni,0.0022755103887898793
NCS-NCO-Ba,2.2389866652361463e-05
NCS-NCO-Be,0.0009225089253666083
NCS-NCO-Ca,6.542063750262704e-05
NCS-NCO-Cd,1.9473462680200618e-05
NCS-NCO-Co,1.8371586382000652e-05
NCS-NCO-Cu,0.005562294664096117
NCS-NCO-Fe,4.0708877500956294e-05
NCS-NCO-Mg,0.002945520915271343
NCS-NCO-Mn,0.004055045058083277
NCS-NCO-Ni,0.002695731461849999
NCS-NCO-Pb,6.382900063559482e-05
NCS-NCO-Pd,0.000420385107071254
NCS-NCO-Pt,0.0004009254725674863
NCS-NCO-Sr,6.18366281804855e-05
NCS-NCO-Zn,0.00023968162249417112
NCS-NC-Pb,0.0002291045315619207
NCS-NC-Pd,0.0006814794375632823
NCS-NC-Pt,0.00015140664243873844
NCS-NC-Sr,0.0008334611138179683
NCS-NC-Zn,0.002758516333980997
NO-Br-Ba,3.0309263198195308e-05
NO-Br-Be,0.00020507461639830636
NO-Br-Ca,0.00042301930281116434
NO-Br-Cd,0.000545824182249447
NO-Br-Co,0.00028594105271599775
NO-Br-Cu,0.009395114302465242
NO-Br-Fe,0.0007276789692091804
NO-Br-Mg,4.340673195855512e-05
NO-Br-Mn,0.00012242060746653263
NO-Br-Ni,0.0010384181075662215
NO-Br-Pb,6.444164735366804e-05
NO-Br-Pd,1.8334926623486516e-05
NO-Br-Pt,0.0001089955803398302
NO-Br-Sr,0.00041919923094295685
NO-Br-Zn,0.0002218612036109158
NO-Cl-Ba,4.8657199518276925e-05
NO-Cl-Be,0.00018204418255855014
NO-Cl-Ca,3.3430928962544127e-05
NO-Cl-Cd,0.000296332519113017
NO-Cl-Co,1.9663034723007182e-05
NO-Cl-Cu,0.004576447805422779
NO-Cl-Fe,3.505231873104326e-07
NO-Cl-Mg,0.00012527046728169944
NO-Cl-Mn,0.00011292939699006553
NO-Cl-Ni,0.000781200162475374
NO-Cl-Pb,8.185396130504837e-05
NO-Cl-Pd,2.6599200640640828e-05
NO-Cl-Pt,8.587333430984803e-05
NO-Cl-Sr,0.0007541628661291217
NO-Cl-Zn,0.0004738599954208791
NO-CN-Ba,9.00306460855878e-05
NO-CN-Be,0.00013632888120586732
NO-CN-Ca,0.00010800858825738227
NO-CN-Cd,0.0011012867082243907
NO-CN-Co,1.5152880467158471e-05
NO-CN-Cu,0.05265272591368432
NO-CN-Fe,0.0017239888280513205
NO-CN-Mg,0.00030015410533476767
NO-CN-Mn,2.5605291160540064e-05
NO-CN-Ni,0.00015350996799082625
NO-CN-Pb,0.000145356057978432
NO-CN-Pd,0.0005087365904176889
NO-CN-Pt,0.00015948332179367523
NO-CN-Sr,0.0017159642655257738
NO-CN-Zn,0.0015135429290413858
NO-F-Ba,0.0004919146986546227
NO-F-Be,0.0004707503060549774
NO-F-Ca,0.0010909597048526494
NO-F-Cd,0.00018807107504072133
NO-F-Co,0.0011390994756272743
NO-F-Cu,0.004900590003714968
NO-F-Fe,0.0005761128569802813
NO-F-Mg,0.0010215906898013553
NO-F-Mn,0.0001345977605378367
NO-F-Ni,0.002717575960354201
NO-F-Pb,0.0006547382465813406
NO-F-Pd,6.967299259125068e-05
NO-F-Pt,1.9823262907386376e-05
NO-F-Sr,0.00018546968520861238
NO-F-Zn,0.0007512768385116897
NO-I-Ba,4.922157040816813e-06
NO-I-Be,0.0009346238193431024
NO-I-Ca,0.00022002743673372996
NO-I-Cd,0.0013543251601447035
NO-I-Co,0.00014202367523879147
NO-I-Cu,0.17611424030095071
NO-I-Fe,0.0008446349720448458
NO-I-Mg,0.00016708722826663436
NO-I-Mn,0.00015378480376919716
NO-I-Ni,0.020765470976931634
NO-I-Pb,9.429063201213911e-05
NO-I-Pd,1.779418935016045e-05
NO-I-Pt,0.00014935885532737584
NO-I-Sr,0.00015197734005482376
NO-I-Zn,0.0002928160402296202
NO-NC-Ba,0.0002169011871448546
NO-NC-Be,0.0002459560897324107
NO-NC-Ca,0.0001659816621465161
NO-NC-Cd,0.0003232815882015111
NO-NC-Co,8.247558795437338e-05
NO-NC-Cu,0.00013018501915478293
NO-NC-Fe,9.255154472994808e-05
NO-NC-Mg,0.0003219143431023798
NO-NC-Mn,0.000265495098267843
NO-NC-Ni,0.00014559169205476629
NO-NCO-Ba,0.0001889530952694739
NO-NCO-Be,0.00031888200854252925
NO-NCO-Ca,0.0002568541325394288
NO-NCO-Cd,2.6227159612930767e-05
NO-NCO-Co,4.753217130848123e-05
NO-NCO-Cu,0.028103918553317737
NO-NCO-Fe,0.00027540755205600613
NO-NCO-Mg,0.0007032897577818145
NO-NCO-Mn,0.00037409401463608493
NO-NCO-Ni,0.00013286212163520096
NO-NCO-Pb,0.0005525903671029017
NO-NCO-Pd,0.00013081725106748527
NO-NCO-Pt,0.00018281505996060686
NO-NCO-Sr,0.00018871148028636923
NO-NCO-Zn,0.000570637582007958
NO-NC-Pb,0.0006049334063449078
NO-NC-Pd,1.4747276133409998e-05
NO-NC-Pt,9.216544691263876e-05
NO-NCS-Ba,0.0004983644345432319
NO-NCS-Be,0.0007020741770561647
NO-NCS-Ca,0.00016610815212820122
NO-NCS-Cd,0.0003606890148396696
NO-NCS-Co,0.000640344300649423
NO-NCS-Cu,0.013694412982061522
NO-NCS-Fe,0.00012675398001594793
NO-NCS-Mg,0.000136835085190271
NO-NCS-Mn,0.00021143645271658724
NO-NCS-Ni,0.00282320632133956
NO-NCS-Pb,0.0013508556613687059
NO-NCS-Pd,0.0012084442030278592
NO-NCS-Pt,0.00013638887849819618
NO-NC-Sr,0.0005323984646247964
NO-NCS-Sr,6.855597910830539e-07
NO-NCS-Zn,0.00040748704385003726
NO-NC-Zn,0.0005269574286911906
OCN-Br-Ba,0.00016010989182939229
OCN-Br-Be,0.0001391829739354012
OCN-Br-Ca,0.0003345593673535319
OCN-Br-Cd,0.0003185740243772052
OCN-Br-Co,0.0004428365693761207
OCN-Br-Cu,0.01851497203905152
OCN-Br-Fe,0.00023388682652915587
OCN-Br-Mg,0.006752853562741656
OCN-Br-Mn,0.0004635672641222571
OCN-Br-Ni,0.0014291020622657956
OCN-Br-Pb,0.00014086050394734146
OCN-Br-Pd,0.0006192468658223645
OCN-Br-Pt,2.544636867027638e-05
OCN-Br-Sr,0.0003474745752597129
OCN-Br-Zn,0.00026115692582942844
OCN-Cl-Ba,0.0001080955159507025
OCN-Cl-Be,0.00017486487154727047
OCN-Cl-Ca,8.775387099157202e-05
OCN-Cl-Cd,0.00042713449680618307
OCN-Cl-Co,0.00029579768255101206
OCN-Cl-Cu,0.002148276037226053
OCN-Cl-Fe,0.0007040887596112682
OCN-Cl-Mg,0.0036382191164176458
OCN-Cl-Mn,0.0001554741557174816
OCN-Cl-Ni,0.0004141247740540586
OCN-Cl-Pb,4.755088219822218e-05
OCN-Cl-Pd,0.0014687877452597155
OCN-Cl-Pt,0.00019045122245523477
OCN-Cl-Sr,0.00017027577699895935
OCN-Cl-Zn,6.802167756658031e-05
OCN-CN-Ba,7.031681038174804e-05
OCN-CN-Be,0.0015896866658412182
OCN-CN-Ca,2.794552942849298e-05
OCN-CN-Cd,0.00010689763109898041
OCN-CN-Co,0.0007649482221469238
OCN-CN-Cu,0.0025912276000440416
OCN-CN-Fe,0.0023389261778397137
OCN-CN-Mg,0.003170201733561821
OCN-CN-Mn,0.0010523585676045894
OCN-CN-Ni,0.00022457479164880525
OCN-CN-Pb,0.0003811890266811736
OCN-CN-Pd,0.0012960809079573408
OCN-CN-Pt,0.0002725875862787436
OCN-CN-Sr,9.08656472490576e-05
OCN-CN-Zn,0.0009002868212567404
OCN-F-Ba,0.0011104190540382325
OCN-F-Be,0.0001342057567560331
OCN-F-Ca,4.209616783746497e-05
OCN-F-Cd,0.002895312501103087
OCN-F-Co,0.0006761738788860214
OCN-F-Cu,0.0019336431518717292
OCN-F-Fe,0.0009861792526030067
OCN-F-Mg,0.002251043067372064
OCN-F-Mn,0.0029631536302942214
OCN-F-Ni,0.0038333392002266277
OCN-F-Pb,0.00013731407895152696
OCN-F-Pd,0.0022440456657810276
OCN-F-Pt,0.00010847538913411468
OCN-F-Sr,0.0028718414078200906
OCN-F-Zn,0.0002701640152486157
OCN-I-Ba,9.253206960420613e-05
OCN-I-Be,0.0008081907953109247
OCN-I-Ca,1.1367617181231606e-05
OCN-I-Cd,0.00024289873918243205
OCN-I-Co,0.0006322947707217711
OCN-I-Cu,0.015098086235828489
OCN-I-Fe,0.0006634811409282172
OCN-I-Mg,9.37860098919675e-05
OCN-I-Mn,0.0017844832280661455
OCN-I-Ni,0.016199369288589775
OCN-I-Pb,0.0005153660438094698
OCN-I-Pd,0.00029441031986491434
OCN-I-Pt,0.00024614203481770496
OCN-I-Sr,3.622882671086934e-05
OCN-I-Zn,0.0012861302381231916
OCN-NC-Ba,0.0010140797518645016
OCN-NC-Be,0.000679533374079501
OCN-NC-Ca,0.00036972482391869964
OCN-NC-Cd,0.00021799186413150692
OCN-NC-Co,4.829757044398495e-05
OCN-NC-Cu,0.008248341451459518
OCN-NC-Fe,0.0001038978267107858
OCN-NC-Mg,0.0004340062214587621
OCN-NC-Mn,0.0003666261483463718
OCN-NC-Ni,0.00611720164937363
OCN-NCO-Ba,0.00032682800576221713
OCN-NCO-Be,0.00016106131092165772
OCN-NCO-Ca,0.001424021550762719
OCN-NCO-Cd,0.00010545863264705152
OCN-NCO-Co,0.03353732361089834
OCN-NCO-Cu,5.191483272495426e-05
OCN-NCO-Fe,0.0004938237546858283
OCN-NCO-Mg,0.0008005696812538874
OCN-NCO-Mn,0.00038781900184488955
OCN-NCO-Ni,0.003539687164090464
OCN-NCO-Pb,0.0005056104992220999
OCN-NCO-Pd,0.0002698153549792819
OCN-NCO-Pt,0.002007939167033406
OCN-NCO-Sr,0.0013680898075491023
OCN-NCO-Zn,0.00034074816889148964
OCN-NC-Pb,0.0002275172897672532
OCN-NC-Pd,0.00019504139733669766
OCN-NC-Pt,0.0004278437989358458
OCN-NCS-Ba,0.00015368590579747972
OCN-NCS-Be,0.00048373158677180085
OCN-NCS-Ca,0.0014445789860559456
OCN-NCS-Cd,0.00072853846411164
OCN-NCS-Co,0.0011976601681459303
OCN-NCS-Cu,0.0003714813787820701
OCN-NCS-Fe,0.00023273108155888813
OCN-NCS-Mg,0.0002698433239909825
OCN-NCS-Mn,0.0009444393810667682
OCN-NCS-Ni,0.009261018426795954
OCN-NCS-Pb,0.00021520280855536405
OCN-NCS-Pd,0.0001173706318511599
OCN-NCS-Pt,0.0009859003168828458
OCN-NC-Sr,0.00027137972087836013
OCN-NCS-Sr,3.443701642413415e-05
OCN-NCS-Zn,4.937641168082501e-05
OCN-NC-Zn,0.00037171964763846636
OCN-NO-Ba,0.0017772583340025195
OCN-NO-Be,0.0009699230574255906
OCN-NO-Ca,0.0003412128391774081
OCN-NO-Cd,0.0004296184745654952
OCN-NO-Co,2.669564085850541e-05
OCN-NO-Cu,0.03578681634634006
OCN-NO-Fe,0.01988765560046114
OCN-NO-Mg,0.003269291545420567
OCN-NO-Mn,0.0003661371792801049
OCN-NO-Ni,0.0004269488323707334
OCN-NO-Pb,0.0019242248230809302
OCN-NO-Pd,9.944095503861932e-05
OCN-NO-Pt,9.994094605988743e-05
OCN-NO-Sr,7.538892345134018e-05
OCN-NO-Zn,0.00045362910598206746
OH-Br-Ba,2.323967309907847e-05
OH-Br-Be,0.00043594742977507724
OH-Br-Ca,1.5424589473612507e-05
OH-Br-Cd,0.00027268526416674284
OH-Br-Co,9.570194686523856e-05
OH-Br-Cu,0.003411894293896501
OH-Br-Fe,0.0015688749374384212
OH-Br-Mg,0.0032363490003368507
OH-Br-Mn,0.000299513691764902
OH-Br-Ni,0.00016521172534652318
OH-Br-Pb,2.4882823424654877e-05
OH-Br-Pd,1.908842892992346e-05
OH-Br-Pt,4.968215283359496e-05
OH-Br-Sr,3.87596881829644e-05
OH-Br-Zn,0.00010701875944957542
OH-Cl-Ba,0.0001002857790254148
OH-Cl-Be,6.947344123603607e-06
OH-Cl-Ca,7.980877543722431e-05
OH-Cl-Cd,1.2413268482406396e-05
OH-Cl-Co,0.00010842991934073562
OH-Cl-Cu,0.0008800511076510378
OH-Cl-Fe,0.0025173063349063682
OH-Cl-Mg,0.00036628481940150507
OH-Cl-Mn,2.4635048114445673e-05
OH-Cl-Ni,0.005355659589651247
OH-Cl-Pb,0.000122857706108468
OH-Cl-Pd,3.0129047393643655e-06
OH-Cl-Pt,7.846614911365224e-05
OH-Cl-Sr,1.525525479227901e-05
OH-Cl-Zn,0.002372885063896329
OH-CN-Ba,4.3545628982262694e-05
OH-CN-Be,9.788482302939386e-05
OH-CN-Ca,0.0001786325958599478
OH-CN-Cd,0.00020191962638700057
OH-CN-Co,0.0001445032385201698
OH-CN-Cu,0.010591228646836997
OH-CN-Fe,0.0002622782587298611
OH-CN-Mg,9.11462968760622e-05
OH-CN-Mn,0.0005068308056540364
OH-CN-Ni,0.00051304111118699
OH-CN-Pb,0.000223253557575821
OH-CN-Pd,0.00014801226042779082
OH-CN-Pt,1.853373343443895e-05
OH-CN-Sr,0.00017877734150392412
OH-CN-Zn,5.1114965674997586e-05
OH-F-Ba,0.0010355461923689823
OH-F-Be,0.0003525521575995684
OH-F-Ca,7.434880121976215e-05
OH-F-Cd,6.288913240536141e-05
OH-F-Co,0.00023721763426759208
OH-F-Cu,0.0005435987159041706
OH-F-Fe,0.00018612190446425835
OH-F-Mg,0.0036696927681411154
OH-F-Mn,0.0008241971227110455
OH-F-Ni,0.0011124538343645826
OH-F-Pb,0.00033603646080535156
OH-F-Pd,7.777787132883901e-05
OH-F-Pt,8.299779544347204e-05
OH-F-Sr,0.0004840006801512675
OH-F-Zn,0.0030142446373686354
OH-I-Ba,1.2018246981358265e-05
OH-I-Be,0.00013068147649909046
OH-I-Ca,4.4070378192537417e-05
OH-I-Cd,3.0816959672767e-05
OH-I-Co,0.0001899910343329774
OH-I-Cu,0.002012210122057005
OH-I-Fe,0.00014314959659561077
OH-I-Mg,0.002310574514171181
OH-I-Mn,0.003166793027346251
OH-I-Ni,0.00020248766350238016
OH-I-Pb,4.115791393456953e-05
OH-I-Pd,6.693100977193029e-06
OH-I-Pt,9.251967073816287e-05
OH-I-Sr,6.655683284633623e-05
OH-I-Zn,0.00023541517652619936
OH-NC-Ba,3.9843746048398004e-05
OH-NC-Be,0.0001714532241675115
OH-NC-Ca,0.00012562474405191114
OH-NC-Cd,0.0005430697323548918
OH-NC-Co,9.419276281250788e-05
OH-NC-Cu,0.0005038446175731803
OH-NC-Fe,0.00021693543101727048
OH-NC-Mg,0.000170815374674729
OH-NC-Mn,0.00029761133226800974
OH-NC-Ni,0.0069367153244320095
OH-NCO-Ba,0.0008204765032106155
OH-NCO-Be,0.00028112014632709946
OH-NCO-Ca,1.3275136751108647e-05
OH-NCO-Cd,2.2289020545163823e-05
OH-NCO-Co,0.00016379699869350616
OH-NCO-Cu,0.00224828681033275
OH-NCO-Fe,3.404105926512375e-05
OH-NCO-Mg,0.00027824850213766753
OH-NCO-Mn,0.0002912590446093836
OH-NCO-Ni,0.0005952846316289244
OH-NCO-Pb,0.000111374307938373
OH-NCO-Pd,7.841082143525051e-06
OH-NCO-Pt,4.656182719512598e-05
OH-NCO-Sr,2.644527528418291e-05
OH-NCO-Zn,0.0004067229289288977
OH-NC-Pb,0.00017507627756484999
OH-NC-Pd,0.00028395048038664815
OH-NC-Pt,2.6367592561569244e-05
OH-NCS-Ba,4.3793913320317696e-05
OH-NCS-Be,0.00030008349551504244
OH-NCS-Ca,0.000571477946797009
OH-NCS-Cd,5.573043805249605e-05
OH-NCS-Co,4.2211512518704424e-05
OH-NCS-Cu,0.01616516927226994
OH-NCS-Fe,0.001113574557492451
OH-NCS-Mg,0.0029133456162667047
OH-NCS-Mn,8.574224331719123e-05
OH-NCS-Ni,0.0022644386962832083
OH-NCS-Pb,0.00012197793324770064
OH-NCS-Pd,0.0011526717432184168
OH-NCS-Pt,0.0003175755645501876
OH-NC-Sr,0.0005369102697100592
OH-NCS-Sr,9.822827539153875e-06
OH-NCS-Zn,0.00013982563455777335
OH-NC-Zn,0.0008106903439876929
OH-NO-Ba,0.00013113007221862819
OH-NO-Be,0.00028453011134206427
OH-NO-Ca,9.100701510882403e-05
OH-NO-Cd,0.00034911897736384685
OH-NO-Co,4.0118879206589644e-05
OH-NO-Cu,0.0056377574028388605
OH-NO-Fe,0.00045930933721892225
OH-NO-Mg,0.0016487139929811823
OH-NO-Mn,9.194797818325645e-05
OH-NO-Ni,0.0003044552977727749
OH-NO-Pb,0.00028307042723219804
OH-NO-Pd,0.00018993968385098755
OH-NO-Pt,0.00014814478140813244
OH-NO-Sr,5.560835551779668e-06
OH-NO-Zn,9.322039435898132e-05
OH-OCN-Ba,3.5322847121617785e-05
OH-OCN-Be,7.332839478698794e-05
OH-OCN-Ca,0.00023731963281431605
OH-OCN-Cd,0.0002790222019747286
OH-OCN-Co,0.0004401632092879002
OH-OCN-Cu,0.002200899876657735
OH-OCN-Fe,0.0004373966359012823
OH-OCN-Mg,2.8807096462924095e-05
OH-OCN-Mn,0.0008285197443912672
OH-OCN-Ni,0.007494354651000836
OH-OCN-Pb,0.0005664427639616319
OH-OCN-Pd,0.0001382468145372708
OH-OCN-Pt,0.00022353592887829817
OH-OCN-Sr,0.00043015622950202286
OH-OCN-Zn,0.00021580896407732348
OH-SCN-Ba,2.87327424232218e-05
OH-SCN-Be,0.00019204846016763276
OH-SCN-Ca,6.126897006675401e-05
OH-SCN-Cd,0.000306983295393138
OH-SCN-Co,4.99154089015815e-05
OH-SCN-Cu,0.009069643665591109
OH-SCN-Fe,0.0004550423166079233
OH-SCN-Mg,0.002336772812243236
OH-SCN-Mn,0.0009585998375718015
OH-SCN-Ni,0.0002140274722168445
OH-SCN-Pb,0.00021357464097381194
OH-SCN-Pd,0.0004307750864790265
OH-SCN-Pt,6.651475917260378e-05
OH-SCN-Sr,4.045484776969806e-05
OH-SCN-Zn,0.00032333910378621916
OH-SH-Ba,0.00021620973002121278
OH-SH-Be,0.00011599858067624386
OH-SH-Ca,2.0393760842851333e-06
OH-SH-Cd,0.00010184190125039651
OH-SH-Co,8.735984484274793e-05
OH-SH-Cu,0.023434636207201803
OH-SH-Fe,0.0001964882473691709
OH-SH-Mg,0.003552632159297494
OH-SH-Mn,0.00010484789044039929
OH-SH-Ni,0.0031091655124530493
OH-SH-Pb,3.8560083394852686e-05
OH-SH-Pd,7.958206919565077e-05
OH-SH-Pt,0.0005571635861946877
OH-SH-Sr,4.589830471186381e-06
OH-SH-Zn,0.0015733945063505486
SCN-Br-Ba,0.00013663537952408544
SCN-Br-Be,6.650762636988092e-05
SCN-Br-Ca,3.0878384518871975e-05
SCN-Br-Cd,3.7985960340179933e-05
SCN-Br-Co,0.00010465942550059589
SCN-Br-Cu,0.05350811672038854
SCN-Br-Fe,5.897603659377165e-06
SCN-Br-Mg,0.0004471210605331316
SCN-Br-Mn,2.7345393910387984e-05
SCN-Br-Ni,0.06242361247737631
SCN-Br-Pb,9.355838933644385e-05
SCN-Br-Pd,0.0009409419488341917
SCN-Br-Pt,3.1915778803093144e-05
SCN-Br-Sr,0.0001815914126415308
SCN-Br-Zn,0.0009431834771766273
SCN-Cl-Ba,0.00019443394436465105
SCN-Cl-Be,0.00020491494015800792
SCN-Cl-Ca,6.709787620808087e-05
SCN-Cl-Cd,0.00029363284481779634
SCN-Cl-Co,0.00019915633527061786
SCN-Cl-Cu,0.004887445998374142
SCN-Cl-Fe,0.00010219127565053928
SCN-Cl-Mg,0.00011167890261623402
SCN-Cl-Mn,0.0008410513133058314
SCN-Cl-Ni,0.0029675954470637874
SCN-Cl-Pb,4.51389350936676e-05
SCN-Cl-Pd,5.939880709476415e-05
SCN-Cl-Pt,4.226295549306919e-05
SCN-Cl-Sr,0.0009391364972362819
SCN-Cl-Zn,0.0007384677067787676
SCN-CN-Ba,7.106147590854649e-05
SCN-CN-Be,0.002640419703756906
SCN-CN-Ca,7.77912247960859e-05
SCN-CN-Cd,0.00039730354780903224
SCN-CN-Co,0.00029039075690942296
SCN-CN-Cu,0.02928645559014099
SCN-CN-Fe,0.0006079724361554495
SCN-CN-Mg,0.00022264046120115279
SCN-CN-Mn,0.03416354665987627
SCN-CN-Ni,0.0017627423663893335
SCN-CN-Pb,7.712339049051717e-05
SCN-CN-Pd,6.335626270377832e-05
SCN-CN-Pt,0.002842469585758933
SCN-CN-Sr,0.00019448621521207037
SCN-CN-Zn,0.0005471145479404212
SCN-F-Ba,0.0006376203303101475
SCN-F-Be,7.745648872533484e-05
SCN-F-Ca,0.00027294711171834004
SCN-F-Cd,0.0008926236769862662
SCN-F-Co,0.0006713071532044394
SCN-F-Cu,0.0014878168754126754
SCN-F-Fe,0.0006162568596269227
SCN-F-Mg,0.00034748812974873695
SCN-F-Mn,0.005608388130293371
SCN-F-Ni,0.0003370883594320163
SCN-F-Pb,0.00016207002051111375
SCN-F-Pd,0.0006021368269120198
SCN-F-Pt,0.0001961904420068279
SCN-F-Sr,0.0004369659145815546
SCN-F-Zn,0.001847453997791237
SCN-I-Ba,1.3957911129470356e-05
SCN-I-Be,0.0024072668494485652
SCN-I-Ca,3.997735327958377e-05
SCN-I-Cd,0.0002045696365170181
SCN-I-Co,4.7942464749703934e-05
SCN-I-Cu,0.004696535319962267
SCN-I-Fe,9.617576981181153e-05
SCN-I-Mg,0.0013285805674856381
SCN-I-Mn,0.004411555688309101
SCN-I-Ni,0.011330302516258993
SCN-I-Pb,0.00021397017040641797
SCN-I-Pd,3.5657665270197906e-05
SCN-I-Pt,0.00013885727274961845
SCN-I-Sr,0.00024179818063831745
SCN-I-Zn,0.00022032071368204267
SCN-NC-Ba,5.763182180399186e-05
SCN-NC-Be,0.0003420231065676774
SCN-NC-Ca,0.0005961936681323951
SCN-NC-Cd,0.0011184992479428997
SCN-NC-Co,0.00014915021720035606
SCN-NC-Cu,7.453841154283723e-07
SCN-NC-Fe,0.0002706439873599522
SCN-NC-Mg,0.00565822006720237
SCN-NC-Mn,0.00015974304403804787
SCN-NC-Ni,5.262868476472496e-05
SCN-NCO-Ba,0.0006607942650854693
SCN-NCO-Be,0.006003240602536015
SCN-NCO-Ca,0.00022402995441537845
SCN-NCO-Cd,8.46729283103739e-06
SCN-NCO-Co,0.011765362654690522
SCN-NCO-Cu,0.023013726514234216
SCN-NCO-Fe,0.029408026805811904
SCN-NCO-Mg,0.01506620648507982
SCN-NCO-Mn,0.009162055689823607
SCN-NCO-Ni,0.08834319264614873
SCN-NCO-Pb,2.9492519045234258e-05
SCN-NCO-Pd,5.793323083460733e-05
SCN-NCO-Pt,0.012648740278620818
SCN-NCO-Sr,0.0004707382092746191
SCN-NCO-Zn,0.005357441514142682
SCN-NC-Pb,0.0003487740155353121
SCN-NC-Pd,0.007250714125249892
SCN-NC-Pt,0.0026714473530577007
SCN-NCS-Ba,1.715710331671921e-05
SCN-NCS-Be,0.001700010643378704
SCN-NCS-Ca,4.517988641713282e-05
SCN-NCS-Cd,0.0001370462789183835
SCN-NCS-Co,0.00328869260953364
SCN-NCS-Cu,0.05810246074713987
SCN-NCS-Fe,0.003450185954287195
SCN-NCS-Mg,0.009786396825617185
SCN-NCS-Mn,0.000360980527361211
SCN-NCS-Ni,0.004401492122998075
SCN-NCS-Pb,0.0006060865467317614
SCN-NCS-Pd,0.00020868324109971287
SCN-NCS-Pt,0.00027545779875265804
SCN-NC-Sr,0.0001997223308315198
SCN-NCS-Sr,4.926510117158347e-05
SCN-NCS-Zn,0.0063007649425706885
SCN-NC-Zn,0.0018179524628899432
SCN-NO-Ba,0.00026167134603428315
SCN-NO-Be,0.0039657509490607385
SCN-NO-Ca,5.191595403720204e-05
SCN-NO-Cd,0.013300502088945697
SCN-NO-Co,0.0028485010217227397
SCN-NO-Cu,0.007581786125197266
SCN-NO-Fe,0.006304507827383895
SCN-NO-Mg,0.030252502563802578
SCN-NO-Mn,0.005675030276796197
SCN-NO-Ni,0.04554301721017724
SCN-NO-Pb,8.100067847650138e-05
SCN-NO-Pd,0.00795010754677427
SCN-NO-Pt,0.004956204354682519
SCN-NO-Sr,0.0014422960232614089
SCN-NO-Zn,0.01479973005677203
SCN-OCN-Ba,0.00093732532269475
SCN-OCN-Be,0.005352176829811002
SCN-OCN-Ca,0.00017405596405266037
SCN-OCN-Cd,0.00020043723578747917
SCN-OCN-Co,0.012653721863505558
SCN-OCN-Cu,0.013595239581375693
SCN-OCN-Fe,0.013473608691935566
SCN-OCN-Mg,0.008537708143310946
SCN-OCN-Mn,0.026018801914176833
SCN-OCN-Ni,0.04329105166587074
SCN-OCN-Pb,0.0009714100709622607
SCN-OCN-Pd,0.018172432402559377
SCN-OCN-Pt,0.02608851242485456
SCN-OCN-Sr,5.041661339732286e-05
SCN-OCN-Zn,0.010678010210656761
SH-Br-Ba,5.2313739573426906e-05
SH-Br-Be,0.0016646852066028823
SH-Br-Ca,9.36308871471928e-05
SH-Br-Cd,1.5514218936499326e-05
SH-Br-Co,2.150656777933865e-05
SH-Br-Cu,3.4625412788494834e-05
SH-Br-Fe,0.0001296969068942044
SH-Br-Mg,0.0015831070100658106
SH-Br-Mn,3.2529672480871444e-05
SH-Br-Ni,0.0008613042406870619
SH-Br-Pb,0.0002204742144082039
SH-Br-Pd,0.0006874066871609433
SH-Br-Pt,0.00012085122848069851
SH-Br-Sr,0.00013810459214041952
SH-Br-Zn,2.3169310906091716e-05
SH-Cl-Ba,0.00025907991903849895
SH-Cl-Be,0.00015262053282990182
SH-Cl-Ca,7.953812328919393e-05
SH-Cl-Cd,5.645226240660565e-05
SH-Cl-Co,5.356467649967011e-05
SH-Cl-Cu,0.013746036470124297
SH-Cl-Fe,0.0003652777048133675
SH-Cl-Mg,0.0003134745826200879
SH-Cl-Mn,3.0371203073412396e-05
SH-Cl-Ni,0.002357359559084227
SH-Cl-Pb,0.00025279251886715465
SH-Cl-Pd,2.3161457303505025e-05
SH-Cl-Pt,0.00015477666232216009
SH-Cl-Sr,6.164981637731196e-05
SH-Cl-Zn,0.0010770787195018014
SH-CN-Ba,0.00019352635904417123
SH-CN-Be,9.348022124744962e-05
SH-CN-Ca,2.326259333487727e-05
SH-CN-Cd,0.000313312796966983
SH-CN-Co,0.00046564466776406114
SH-CN-Cu,0.04277625722402513
SH-CN-Fe,0.0002665736921341868
SH-CN-Mg,0.0033076408637002473
SH-CN-Mn,0.0010343749195671618
SH-CN-Ni,8.227703607493366e-05
SH-CN-Pb,2.0103746929279455e-05
SH-CN-Pd,0.00026856126755463443
SH-CN-Pt,0.0002631381583321618
SH-CN-Sr,1.1443246685212063e-05
SH-CN-Zn,0.00010965577879841263
SH-F-Ba,0.0001597415983027652
SH-F-Be,0.0005567424589024803
SH-F-Ca,0.0001768969277116158
SH-F-Cd,0.0003808307949577108
SH-F-Co,0.0004645195240149315
SH-F-Cu,0.0002399000699999934
SH-F-Fe,0.00018733749817987538
SH-F-Mg,0.004004503441317219
SH-F-Mn,0.00024116639432764962
SH-F-Ni,0.0008671989899718155
SH-F-Pb,0.00013118212419658222
SH-F-Pd,0.0001280065918059926
SH-F-Pt,0.0004631450726008568
SH-F-Sr,7.872962974494659e-05
SH-F-Zn,0.0003660712691460236
SH-I-Ba,1.6852663777748377e-05
SH-I-Be,0.0003784837650952472
SH-I-Ca,6.042156865072612e-06
SH-I-Cd,0.0005102107190801809
SH-I-Co,8.608077989876582e-05
SH-I-Cu,0.022611780315451947
SH-I-Fe,8.085250612375031e-05
SH-I-Mg,7.498367838791187e-06
SH-I-Mn,3.0505223691009316e-05
SH-I-Ni,0.0044526259545139505
SH-I-Pb,5.020412308483953e-05
SH-I-Pd,0.00047102896914801967
SH-I-Pt,0.00021391251773676873
SH-I-Sr,2.8015770644022418e-05
SH-I-Zn,0.0007785554914640313
SH-NC-Ba,3.759685048703701e-05
SH-NC-Be,0.00033182936410377606
SH-NC-Ca,0.0001362010073378814
SH-NC-Cd,0.00012608701042306664
SH-NC-Co,0.00020873011223951227
SH-NC-Cu,0.0209345450803924
SH-NC-Fe,0.000784419131591991
SH-NC-Mg,0.00016489273890944907
SH-NC-Mn,0.00010684187914151415
SH-NC-Ni,0.0005671881037181628
SH-NCO-Ba,0.0003648214630556542
SH-NCO-Be,0.00016962027135970428
SH-NCO-Ca,0.00017082086109637475
SH-NCO-Cd,7.482007120987478e-05
SH-NCO-Co,6.499631332831505e-05
SH-NCO-Cu,0.005455349104082228
SH-NCO-Fe,0.00033088167743151317
SH-NCO-Mg,0.004924671852367588
SH-NCO-Mn,4.077961458118155e-05
SH-NCO-Ni,0.0017548903145909232
SH-NCO-Pb,0.0005465176597551858
SH-NCO-Pd,0.0003893817201149481
SH-NCO-Pt,6.885719968898764e-05
SH-NCO-Sr,7.32143190583839e-05
SH-NCO-Zn,0.00039232028658403546
SH-NC-Pb,0.0003732189635941827
SH-NC-Pd,0.0003188602403301212
SH-NC-Pt,8.920794552302694e-05
SH-NCS-Ba,2.438950676796194e-05
SH-NCS-Be,0.0006085001237673461
SH-NCS-Ca,5.668792156252732e-05
SH-NCS-Cd,0.00012676036648223997
SH-NCS-Co,0.00024290730249304984
SH-NCS-Cu,0.005413276825014109
SH-NCS-Fe,0.0005982949294447584
SH-NCS-Mg,8.12648874494315e-05
SH-NCS-Mn,0.0011356003814470216
SH-NCS-Ni,0.003172478969097607
SH-NCS-Pb,5.150892915587634e-05
SH-NCS-Pd,8.985670911427484e-05
SH-NCS-Pt,0.0004633967324956221
SH-NC-Sr,1.9957623822071174e-05
SH-NCS-Sr,0.00011360365376754837
SH-NCS-Zn,0.0021258266225121308
SH-NC-Zn,0.0013316855329442525
SH-NO-Ba,0.0004681054242202274
SH-NO-Be,9.640334060429805e-05
SH-NO-Ca,1.7411532975413772e-05
SH-NO-Cd,0.00019686100027138884
SH-NO-Co,0.0004190268657924436
SH-NO-Cu,0.0275576276268015
SH-NO-Fe,0.00017739665916168215
SH-NO-Mg,0.0009334983993715555
SH-NO-Mn,3.655171419429278e-05
SH-NO-Ni,0.0005878113719091602
SH-NO-Pb,0.0005045259864769915
SH-NO-Pd,0.00032032955227611677
SH-NO-Pt,0.00042767582707446764
SH-NO-Sr,0.00022555965661353258
SH-NO-Zn,0.002947419500982144
SH-OCN-Ba,0.0005616894078004664
SH-OCN-Be,0.0005022241490393324
SH-OCN-Ca,7.525982092166278e-05
SH-OCN-Cd,0.00022778366588050545
SH-OCN-Co,0.0010947675749738476
SH-OCN-Cu,0.005919763519064345
SH-OCN-Fe,0.00010185061010335825
SH-OCN-Mg,0.0008767098200645115
SH-OCN-Mn,0.0005322715653217866
SH-OCN-Ni,0.004081648750244721
SH-OCN-Pb,0.00016048777599033778
SH-OCN-Pd,0.0050747200027667794
SH-OCN-Pt,0.002289449728300291
SH-OCN-Sr,0.0001762391447736862
SH-OCN-Zn,0.005350338602092472
SH-SCN-Ba,3.547234427030126e-05
SH-SCN-Be,0.0008881912748047934
SH-SCN-Ca,9.670979031556965e-06
SH-SCN-Cd,0.0004319257047309153
SH-SCN-Co,0.0008237876927337496
SH-SCN-Cu,0.006554381022165124
SH-SCN-Fe,0.00013028035983757028
SH-SCN-Mg,8.182875938576467e-05
SH-SCN-Mn,0.0002085565403225917
SH-SCN-Ni,0.004077469506662725
SH-SCN-Pb,0.0005640409401612639
SH-SCN-Pd,0.0012886282198611323
SH-SCN-Pt,0.0001725629321855787
SH-SCN-Sr,0.0003264519772389123
SH-SCN-Zn,0.00041178495260193185
NH-O-Ce,0.0002705763590732009
NH-O-Ge,0.0018038732256082217
NH-O-Hf,2.2682753479572264e-05
NH-O-Ir,4.811973189872837e-05
NH-O-Mo,9.074031190716922e-06
NH-O-Os,1.2387778391360486e-06
NH-O-Pd,0.00017005676375938606
NH-O-Pt,4.769603560882703e-05
NH-O-Re,2.4310522495180805e-05
NH-O-Ru,9.031533200885356e-06
NH-O-Sn,0.00036970118702612766
NH-O-Tc,5.3376884906098645e-05
NH-O-Te,9.53104105788149e-05
NH-O-Ti,0.00012565249058628803
NH-O-W,1.1201073841655843e-05
NH-O-Zr,6.574255607978409e-06
NH-PH-Ce,0.00010596742015328715
NH-PH-Ge,0.00028514775778990155
NH-PH-Hf,4.7693489577049625e-06
NH-PH-Ir,3.0232440256212034e-07
NH-PH-Mo,1.8546198065425675e-05
NH-PH-Os,5.929541388830786e-06
NH-PH-Pd,7.073127424247729e-05
NH-PH-Pt,5.806055978983019e-05
NH-PH-Re,1.4657005437028236e-05
NH-PH-Ru,4.267105012745859e-06
NH-PH-Sn,0.00047353888903169014
NH-PH-Tc,6.2907378942665725e-06
NH-PH-Te,0.0010486933088709532
NH-PH-Ti,8.319275141059146e-06
NH-PH-W,2.2589646559071117e-05
NH-PH-Zr,2.0434570083936825e-05
NH-S-Ce,7.797782284433123e-05
NH-S-Ge,0.00022038445584869422
NH-S-Hf,1.1529393700643615e-05
NH-S-Ir,9.299159881925338e-05
NH-S-Mo,3.043622257378868e-05
NH-S-Os,1.886919309269492e-05
NH-S-Pd,5.208791160264262e-05
NH-S-Pt,1.3761170297431856e-05
NH-S-Re,1.9187661059453157e-05
NH-S-Ru,3.2500566387918375e-05
NH-S-Sn,0.00024826355735458016
NH-S-Tc,6.567438990670274e-05
NH-S-Te,3.4917113731882525e-05
NH-S-Ti,3.7976172186434073e-05
NH-S-W,3.312355091112208e-05
NH-S-Zr,1.6786721092288089e-06
NH-Se-Ce,1.5703708472587747e-05
NH-Se-Ge,2.6031794874371018e-05
NH-Se-Hf,2.8759653216108395e-05
NH-Se-Ir,0.00044453121178351387
NH-Se-Mo,1.6444033351694867e-05
NH-Se-Os,1.0415546929644648e-05
NH-Se-Pd,0.00015911403255780497
NH-Se-Pt,1.8006506446537536e-05
NH-Se-Re,1.0228891576240524e-05
NH-Se-Ru,9.02122269735292e-05
NH-Se-Sn,4.991048271149873e-05
NH-Se-Tc,9.331087145737001e-05
NH-Se-Te,2.844579606632477e-05
NH-Se-Ti,0.00018602879951927877
NH-Se-W,6.954730448201265e-06
NH-Se-Zr,6.982056565254893e-07
NH-Te-Ce,3.1788282552989383e-06
NH-Te-Ge,4.675722508482549e-05
NH-Te-Hf,7.077190250595158e-06
NH-Te-Ir,1.8629984410434066e-05
NH-Te-Mo,6.241535462633748e-05
NH-Te-Os,0.0002787922747208945
NH-Te-Pd,9.021452557466881e-06
NH-Te-Pt,8.253947271732224e-08
NH-Te-Re,5.812906036671962e-06
NH-Te-Ru,3.775088319515871e-05
NH-Te-Sn,6.905916397816513e-05
NH-Te-Tc,0.00011973790697439928
NH-Te-Ti,6.108343851307967e-06
NH-Te-W,6.104542913029392e-05
NH-Te-Zr,6.56863710730527e-05
O-S-Ce,0.0002448839731093163
O-S-Ge,2.8906696819022785e-05
O-S-Hf,9.03052087931863e-05
O-S-Ir,6.132479646824918e-06
O-S-Mo,0.0001491051522204697
O-S-Os,2.4014379650182972e-05
O-S-Pd,2.662078181622145e-05
O-S-Pt,0.0006401302801222713
O-S-Re,3.427345916553054e-05
O-S-Ru,2.5615418852375192e-06
O-S-Sn,0.00019195304015142767
O-S-Tc,2.2923002556828376e-05
O-S-Te,2.9222334106379233e-05
O-S-Ti,3.619208102790512e-05
O-S-W,6.251454381420933e-05
O-S-Zr,1.2104303137830111e-05
O-Se-Ce,0.0003010221306857444
O-Se-Ge,3.605280094521488e-06
O-Se-Hf,9.745590630086452e-06
O-Se-Ir,3.8022546748339434e-06
O-Se-Mo,3.522933358819143e-05
O-Se-Os,1.835447545620398e-05
O-Se-Pd,4.4198422031260775e-05
O-Se-Pt,1.5953779183203925e-05
O-Se-Re,9.831167409052084e-05
O-Se-Ru,0.00010617199900453751
O-Se-Sn,7.747153108172984e-05
O-Se-Tc,8.678208600794218e-06
O-Se-Te,2.2809321259106316e-06
O-Se-Ti,3.6526047830263836e-08
O-Se-W,2.912328134854115e-05
O-Se-Zr,5.841181101661905e-06
O-Te-Ce,0.0002114083313515107
O-Te-Ge,0.00015000878299466802
O-Te-Hf,7.251491267853564e-05
O-Te-Ir,2.9893563093815197e-05
O-Te-Mo,4.9019954732662475e-05
O-Te-Os,2.9712921063130543e-05
O-Te-Pd,2.2441914083991603e-06
O-Te-Pt,8.229175426582915e-06
O-Te-Re,0.0002112846085463085
O-Te-Ru,0.0002607617414852729
O-Te-Sn,0.00011668436335793156
O-Te-Tc,6.336448500745244e-05
O-Te-Ti,3.460955078279487e-05
O-Te-W,2.0594050615779685e-05
O-Te-Zr,0.00010536777237837397
PH-O-Ce,0.0001998743004350712
PH-O-Ge,8.401347242386252e-05
PH-O-Hf,6.319596273012752e-05
PH-O-Ir,0.00011852212612032855
PH-O-Mo,1.1476252079551524e-05
PH-O-Os,1.4989487193619928e-05
PH-O-Pd,1.0238866583089248e-05
PH-O-Pt,5.567700401216831e-06
PH-O-Re,2.0053263697204676e-05
PH-O-Ru,3.7824437296664716e-05
PH-O-Sn,0.00038092864139708046
PH-O-Tc,5.7018300830000486e-05
PH-O-Te,0.00015697261509211463
PH-O-Ti,2.670854511166226e-05
PH-O-W,4.32679337471334e-06
PH-O-Zr,3.923891434559445e-05
PH-S-Ce,3.785584940388288e-05
PH-S-Ge,8.864982959643472e-05
PH-S-Hf,2.6455300871659716e-05
PH-S-Ir,1.3738425581209594e-07
PH-S-Mo,8.862584632747265e-05
PH-S-Os,2.1867600250965285e-05
PH-S-Pd,0.00012989039375346442
PH-S-Pt,1.6340376796484038e-05
PH-S-Re,0.0002532956323306442
PH-S-Ru,3.236663978786712e-05
PH-S-Sn,2.1811610796703947e-05
PH-S-Tc,0.00025025104189911975
PH-S-Te,0.00011779795916722072
PH-S-Ti,0.00010366864893698345
PH-S-W,0.0003396453719957485
PH-S-Zr,2.088007854890208e-05
PH-Se-Ce,7.611352032788144e-05
PH-Se-Ge,0.0004383956992135554
PH-Se-Hf,7.33619006828274e-05
PH-Se-Ir,5.394639905380433e-05
PH-Se-Mo,2.6820540046584103e-05
PH-Se-Os,2.2102734850630974e-05
PH-Se-Pd,0.0002066875632959966
PH-Se-Pt,0.00012276250555327465
PH-Se-Re,0.00017947565849458404
PH-Se-Ru,1.202179473060703e-05
PH-Se-Sn,8.55216466974615e-05
PH-Se-Tc,0.0005367063338069925
PH-Se-Te,6.656238063036307e-05
PH-Se-Ti,6.290898638789953e-05
PH-Se-W,6.107017653374313e-05
PH-Se-Zr,3.82341811971084e-05
PH-Te-Ce,3.292925743127747e-05
PH-Te-Ge,0.00030744882380473037
PH-Te-Hf,4.417590736479527e-05
PH-Te-Ir,1.2714198584948852e-05
PH-Te-Mo,1.2691981150428672e-05
PH-Te-Os,1.701253739939857e-05
PH-Te-Pd,6.484371926046848e-06
PH-Te-Pt,4.6659210205364964e-05
PH-Te-Re,2.0459325460633262e-05
PH-Te-Ru,3.7819259336155766e-05
PH-Te-Sn,0.0002881674157497812
PH-Te-Tc,2.3561819699266797e-05
PH-Te-Ti,1.581116230451589e-05
PH-Te-W,1.7176525134395928e-06
PH-Te-Zr,4.1493702506263875e-06
S-Se-Ce,0.00016758180847487532
S-Se-Ge,2.7973454819592974e-06
S-Se-Hf,1.816811127836795e-05
S-Se-Ir,5.562147082037698e-06
S-Se-Mo,2.659512984848197e-05
S-Se-Os,9.280048363528967e-06
S-Se-Pd,5.568609960743706e-05
S-Se-Pt,1.86749291234418e-06
S-Se-Re,1.1776084187095048e-05
S-Se-Ru,3.6835472568871055e-06
S-Se-Sn,2.43514039698049e-05
S-Se-Tc,1.8155873625275195e-05
S-Se-Te,1.4934496099577686e-05
S-Se-Ti,0.000105131148795761
S-Se-W,0.00010491203149025227
S-Se-Zr,7.927765495621629e-07
S-Te-Ce,0.00015406722022672688
S-Te-Ge,0.00021358650729218567
S-Te-Hf,1.7528177850643913e-05
S-Te-Ir,2.0488939438785364e-05
S-Te-Mo,2.9815934420469245e-06
S-Te-Os,4.209330353624344e-05
S-Te-Pd,9.719538618342195e-07
S-Te-Pt,8.360574280027207e-06
S-Te-Re,5.747579852949675e-06
S-Te-Ru,9.79511377966702e-06
S-Te-Sn,9.262256074045946e-06
S-Te-Tc,7.057209007599351e-05
S-Te-Ti,1.3847395260013892e-06
S-Te-W,5.126032377029177e-06
S-Te-Zr,1.4626164855799454e-06
Se-Te-Ce,2.6545171834099437e-05
Se-Te-Ge,2.542041998066246e-05
Se-Te-Hf,2.6523201899853515e-05
Se-Te-Ir,5.6653250585437574e-05
Se-Te-Mo,7.957286054487279e-06
Se-Te-Os,4.045503015288635e-05
Se-Te-Pd,5.6296136876915216e-06
Se-Te-Pt,2.652088926882352e-07
Se-Te-Re,6.625417162876595e-07
Se-Te-Ru,1.5753057848774128e-05
Se-Te-Sn,8.045743283615212e-06
Se-Te-Tc,6.677568687178513e-05
Se-Te-Ti,3.837083989863877e-05
Se-Te-W,1.4387307942084323e-05
Se-Te-Zr,1.2387022749024607e-05
