Compound,E_above_hull
OH-OH-Ba,0.0946699502500028
OH-OH-Be,0.2784097758333335
OH-OH-Ca,0.04485779999999906
OH-OH-Cd,0.058096259999999234
OH-OH-Co,0.250448548555557
OH-OH-Cu,0.16816623783333284
OH-OH-Fe,0.23266545916666992
OH-OH-Mg,0.04508508999999794
OH-OH-Mn,0.5031879232916676
OH-OH-Ni,0.01416155583333456
OH-OH-Pb,0.13327613305555985
OH-OH-Pd,0.3806679788333369
OH-OH-Pt,0.5830221715833304
OH-OH-Sr,0.059099608499998624
OH-OH-Zn,0.08030481199999961
OH-O-Al,0.2289456049999874
OH-O-Bi,0.2282599073958309
OH-O-Ce,0.19067404250000308
OH-O-Co,0.2222204462500006
OH-O-Cr,0.23614270250000047
OH-O-Fe,0.213718378958335
OH-O-Ga,0.20042824062498354
OH-O-Gd,0.0
OH-O-In,0.2051419287499776
OH-O-Ir,0.39504316770833015
OH-O-La,0.1797253776041572
OH-O-Lu,0.16407671755208142
OH-O-Nd,0.20048087437498552
OH-O-Rh,0.28872602875000375
OH-O-Ru,0.31371525770833486
OH-O-Sc,0.15033483208333465
OH-O-Sm,0.19703443145832367
OH-O-Y,0.21092934249997697
O-O-Ce,0.0
O-O-Ge,0.20160371166666735
O-O-Hf,0.315539941666664
O-O-Ir,0.3432976950000004
O-O-Mo,0.4627395225000015
O-O-Os,0.44833120333333554
O-O-Pd,0.0006395716666673934
O-O-Pt,0.08510844833333664
O-O-Re,0.5198865466666689
O-O-Ru,0.3252773799999993
O-O-Sn,0.2554257199999981
O-O-Tc,0.24046482000000324
O-O-Te,0.5624749370833335
O-O-Ti,0.20168573166666448
O-O-W,0.47723694750000334
O-O-Zr,0.3136084491666651
NH-OH-Al,0.2909408336666681
NH-OH-Bi,0.3596583718888908
NH-OH-Ce,0.5478782170000009
NH-OH-Co,0.14661945400000143
NH-OH-Cr,0.2851571919999998
NH-OH-Fe,0.2421212728333355
NH-OH-Ga,0.22700525100000135
NH-OH-Gd,0.1384433240000007
NH-OH-In,0.1951471779166667
NH-OH-Ir,0.3522617498333389
NH-OH-La,0.26575557075000233
NH-OH-Lu,0.30586481141666866
NH-OH-Nd,0.28178771450000006
NH-OH-Rh,0.15630976283333453
NH-OH-Ru,0.290041658833335
NH-OH-Sc,0.3032619991666685
NH-OH-Sm,0.28793939849999894
NH-OH-Y,0.2951400329166667
PH-OH-Al,0.8491731883492069
PH-OH-Bi,0.5758408408498177
PH-OH-Ce,0.9179543207500007
PH-OH-Co,0.4876443514999984
PH-OH-Cr,0.6085384521666661
PH-OH-Fe,0.6184917692142662
PH-OH-Ga,0.686552338000002
PH-OH-Gd,0.48539589726190613
PH-OH-In,0.6120103247499937
PH-OH-Ir,0.4458133848999992
PH-OH-La,0.663099936124997
PH-OH-Lu,0.7289772684325406
PH-OH-Nd,0.6898875419999992
PH-OH-Rh,0.45556787259999965
PH-OH-Ru,0.5849148751111191
PH-OH-Sc,0.6959674815158738
PH-OH-Sm,0.6883673356250029
PH-OH-Y,0.6975988410833303
S-OH-Al,0.487927637153863
S-OH-Bi,0.12782436177083056
S-OH-Ce,0.2545618750000038
S-OH-Co,0.13934639028845908
S-OH-Cr,0.3478605490983071
S-OH-Fe,0.2657296480882376
S-OH-Ga,0.28571632559082083
S-OH-Gd,3.1825086049316447
S-OH-In,0.18134378095587245
S-OH-Ir,0.1945016816666616
S-OH-La,0.3859298237499935
S-OH-Lu,0.3539120994108096
S-OH-Nd,0.3078681624501449
S-OH-Rh,0.09714808513257189
S-OH-Ru,0.29491846052083304
S-OH-Sc,0.32268835368163806
S-OH-Sm,0.2999270993981469
S-OH-Y,0.3105892719802519
Se-OH-Al,0.662139235462238
Se-OH-Bi,0.12232148322916458
Se-OH-Ce,0.6623265837500014
Se-OH-Co,0.18106073097222009
Se-OH-Cr,0.39969952046223867
Se-OH-Fe,0.2894964194791676
Se-OH-Ga,0.38976979337890505
Se-OH-Gd,3.401934208750003
Se-OH-In,0.2323218715852846
Se-OH-Ir,0.19808259411458096
Se-OH-La,0.3425310994270916
Se-OH-Lu,0.44258531452473804
Se-OH-Nd,0.3452169697526095
Se-OH-Rh,0.0610659125347226
Se-OH-Ru,0.3312561067708337
Se-OH-Sc,0.31078490096354017
Se-OH-Sm,0.36225935251953345
Se-OH-Y,0.3191649592057324
Te-OH-Al,0.9393133091666677
Te-OH-Bi,0.13977840489582505
Te-OH-Ce,0.7780476293750027
Te-OH-Co,0.3202701206250005
Te-OH-Cr,0.42155643316667124
Te-OH-Fe,0.29861179562500695
Te-OH-Ga,0.6435635041666643
Te-OH-Gd,0.26251350312499966
Te-OH-In,0.41661941018749005
Te-OH-Ir,0.3078430141666644
Te-OH-La,0.5809212574999805
Te-OH-Lu,0.5909928884375084
Te-OH-Nd,0.5095063077083246
Te-OH-Rh,0.1966319963888843
Te-OH-Ru,0.4490857352083317
Te-OH-Sc,0.575791646458331
Te-OH-Sm,0.5437539647916552
Te-OH-Y,0.5519396903125084
Br-Br-Ba,0.14175549500000528
Br-Br-Be,0.2845425833333337
Br-Br-Ca,0.009317941666665774
Br-Br-Cd,0.015358676666664905
Br-Br-Co,0.11235710833333101
Br-Br-Cu,0.10738444333333064
Br-Br-Fe,0.27458567000000045
Br-Br-Mg,0.014185383333330748
Br-Br-Mn,0.08482344666666819
Br-Br-Ni,0.016199976666669613
Br-Br-Pb,0.006470479999997281
Br-Br-Pd,0.0654757900000007
Br-Br-Pt,0.30384873870369944
Br-Br-Sr,0.06053342583333077
Br-Br-Zn,0.08083392145833557
Cl-Cl-Ba,0.17158579000000174
Cl-Cl-Be,0.2792418666666663
Cl-Cl-Ca,0.03638235000000023
Cl-Cl-Cd,0.015401490000002127
Cl-Cl-Co,0.17565562666666423
Cl-Cl-Cu,0.11749501999999978
Cl-Cl-Fe,0.20839305333333336
Cl-Cl-Mg,0.014059973333331754
Cl-Cl-Mn,0.09957695333333305
Cl-Cl-Ni,0.012586816666663836
Cl-Cl-Pb,0.034116628333332955
Cl-Cl-Pd,0.07729245611111324
Cl-Cl-Pt,0.34751029277778045
Cl-Cl-Sr,0.10605478666666457
Cl-Cl-Zn,0.05158255749999974
CN-CN-Ba,0.6153044975000004
CN-CN-Be,1.2085713229999966
CN-CN-Ca,0.8024229745000007
CN-CN-Cd,0.7566547325000013
CN-CN-Co,0.8889245869999982
CN-CN-Cu,1.0323045019999988
CN-CN-Fe,0.8943341770000011
CN-CN-Mg,0.9324826264999988
CN-CN-Mn,0.8909660349999999
CN-CN-Ni,0.9271478460000004
CN-CN-Pb,0.7656554009999965
CN-CN-Pd,0.9175967579999966
CN-CN-Pt,0.9821592269999933
CN-CN-Sr,0.7097266571666676
CN-CN-Zn,0.890008160999999
F-F-Ba,0.27465588333333457
F-F-Be,0.29974185333333203
F-F-Ca,0.21081831666666773
F-F-Cd,0.15824358999999966
F-F-Co,0.057505114999997886
F-F-Cu,0.23417218666666706
F-F-Fe,0.20496537666666548
F-F-Mg,0.1494898866666663
F-F-Mn,0.3413844016666676
F-F-Ni,0.12939430833333354
F-F-Pb,0.20333789666666746
F-F-Pd,0.091016015000001
F-F-Pt,0.6293711333333363
F-F-Sr,0.2445332266666682
F-F-Zn,0.12391659666666754
I-I-Ba,0.08939047749999673
I-I-Be,0.2945459983333336
I-I-Ca,0.015479069999997819
I-I-Cd,0.017246379259255207
I-I-Co,0.017991170000001944
I-I-Cu,0.08624256666666597
I-I-Fe,0.23744741000000147
I-I-Mg,0.015307643333333232
I-I-Mn,0.07068151
I-I-Ni,0.01873550666666901
I-I-Pb,0.018446165833339023
I-I-Pd,0.13988494749999347
I-I-Pt,0.28573711583333505
I-I-Sr,0.02035503833332797
I-I-Zn,0.14171971999999755
NC-NC-Ba,0.5085132714999983
NC-NC-Be,1.0048807269999962
NC-NC-Ca,0.6328090805000013
NC-NC-Cd,0.694201614499999
NC-NC-Co,0.8232202629999996
NC-NC-Cu,1.0683023639999991
NC-NC-Fe,0.8537850109999994
NC-NC-Mg,0.7301133104999984
NC-NC-Mn,0.6731276069999996
NC-NC-Ni,0.7740478720000006
NC-NC-Pb,0.736967486999994
NC-NC-Pd,1.2221394379999975
NC-NC-Pt,1.4341660689999927
NC-NC-Sr,0.5717532271666688
NC-NC-Zn,0.8069983689999987
NCO-NCO-Ba,0.2774715132142891
NCO-NCO-Be,0.4740049132142854
NCO-NCO-Ca,0.23948620416666877
NCO-NCO-Cd,0.1842994217857168
NCO-NCO-Co,0.22507479238094952
NCO-NCO-Cu,0.27650893642857177
NCO-NCO-Fe,0.21986039142857017
NCO-NCO-Mg,0.2692126362500016
NCO-NCO-Mn,0.25436638934523614
NCO-NCO-Ni,0.1900263551785777
NCO-NCO-Pb,0.2432499938095276
NCO-NCO-Pd,0.3128696721428561
NCO-NCO-Pt,0.5007654885714317
NCO-NCO-Sr,0.2670437417063525
NCO-NCO-Zn,0.2337948448214302
NCS-NCS-Ba,0.23998446571427934
NCS-NCS-Be,0.5146825106361614
NCS-NCS-Ca,0.21869492349330244
NCS-NCS-Cd,0.352832535993306
NCS-NCS-Co,0.5307339742857113
NCS-NCS-Cu,0.44913869730282663
NCS-NCS-Fe,0.49995077785714237
NCS-NCS-Mg,0.23017038392857003
NCS-NCS-Mn,0.35996956135044655
NCS-NCS-Ni,0.4158245371428517
NCS-NCS-Pb,0.3267033820647356
NCS-NCS-Pd,0.556714288571424
NCS-NCS-Pt,0.8032453792857055
NCS-NCS-Sr,0.21948328492187663
NCS-NCS-Zn,0.42163005135044607
NO-NO-Ba,0.8753536662000094
NO-NO-Be,1.1761684635000025
NO-NO-Ca,1.014594739400005
NO-NO-Cd,0.8668531894999987
NO-NO-Co,0.6785319743333371
NO-NO-Cu,0.5678729950000037
NO-NO-Fe,0.744438044999999
NO-NO-Mg,1.1579686995000005
NO-NO-Mn,1.1506241114999938
NO-NO-Ni,0.5457727558000052
NO-NO-Pb,0.9151119930714309
NO-NO-Pd,0.4569750742499963
NO-NO-Pt,0.6415980070000131
NO-NO-Sr,0.968185556100007
NO-NO-Zn,0.885156781500001
OCN-OCN-Ba,0.5445789732142909
OCN-OCN-Be,0.8857237874999999
OCN-OCN-Ca,0.5876036070238104
OCN-OCN-Cd,0.6297880517857166
OCN-OCN-Co,0.7226399066666627
OCN-OCN-Cu,0.6633300535714284
OCN-OCN-Fe,0.673923245714283
OCN-OCN-Mg,0.6508016448214313
OCN-OCN-Mn,0.7191416750595234
OCN-OCN-Ni,0.635547362321434
OCN-OCN-Pb,0.6096404295238145
OCN-OCN-Pd,0.8220625664285706
OCN-OCN-Pt,1.0188397028571465
OCN-OCN-Sr,0.5872811731349241
OCN-OCN-Zn,0.6771485191071456
SCN-SCN-Ba,0.49683823571428043
SCN-SCN-Be,0.6924315034933048
SCN-SCN-Ca,0.5391003749218761
SCN-SCN-Cd,0.5496847659933053
SCN-SCN-Co,0.6080152028571408
SCN-SCN-Cu,0.5758364587313984
SCN-SCN-Fe,0.6298391878571437
SCN-SCN-Mg,0.5429537210714273
SCN-SCN-Mn,0.7202924413504466
SCN-SCN-Ni,0.5556716185714254
SCN-SCN-Pb,0.5502121220647354
SCN-SCN-Pd,0.6480318842857109
SCN-SCN-Pt,0.8121447292857056
SCN-SCN-Sr,0.5284402220647326
SCN-SCN-Zn,0.614055831350445
SH-SH-Ba,0.2524672950000113
SH-SH-Be,0.43663996989062603
SH-SH-Ca,0.21190967989062415
SH-SH-Cd,0.23572331339062558
SH-SH-Co,0.33656295899999833
SH-SH-Cu,0.31786891522395955
SH-SH-Fe,0.3567270099999984
SH-SH-Mg,0.1976202005000065
SH-SH-Mn,0.4736030368906263
SH-SH-Ni,0.26010264499999813
SH-SH-Pb,0.2565826918906211
SH-SH-Pd,0.42470842700000233
SH-SH-Pt,0.6379815200000003
SH-SH-Sr,0.19611159989062443
SH-SH-Zn,0.32636533489062636
NH-NH-Ce,0.05373247600000042
NH-NH-Ge,0.15158719799999965
NH-NH-Hf,0.09554273999999552
NH-NH-Ir,0.43283879599999864
NH-NH-Mo,0.17971396575000043
NH-NH-Os,0.4966583710000023
NH-NH-Pd,0.4653696329999981
NH-NH-Pt,0.2674013600000009
NH-NH-Re,0.28598553133333127
NH-NH-Ru,0.30930667099999987
NH-NH-Sn,0.09673772799999902
NH-NH-Tc,0.2509359974999974
NH-NH-Te,0.6962423539999989
NH-NH-Ti,0.1862574600000002
NH-NH-W,0.13020930400000097
NH-NH-Zr,0.1582706863333314
PH-PH-Ce,0.5402753585238074
PH-PH-Ge,0.5341925615476164
PH-PH-Hf,0.47133640702381285
PH-PH-Ir,0.5045117254999987
PH-PH-Mo,0.4714186570000116
PH-PH-Os,0.6348164990000029
PH-PH-Pd,0.5037997039999969
PH-PH-Pt,0.46779295850000224
PH-PH-Re,0.5798570315714464
PH-PH-Ru,0.6082175509999992
PH-PH-Sn,0.4366456734444455
PH-PH-Tc,0.5677511763333403
PH-PH-Te,0.6465915210476165
PH-PH-Ti,0.48884589849999927
PH-PH-W,0.4452996890000023
PH-PH-Zr,0.5462758179999962
S-S-Ce,0.0
S-S-Ge,0.15554968541666625
S-S-Hf,0.017196876666666583
S-S-Ir,0.23830391499999948
S-S-Mo,0.3239610566666684
S-S-Os,0.4816641383333362
S-S-Pd,0.11530935166666723
S-S-Pt,0.01625398000000189
S-S-Re,0.44502501166666164
S-S-Ru,0.4837155441666674
S-S-Sn,0.015477176666667702
S-S-Tc,0.38296671750000044
S-S-Te,0.0
S-S-Ti,0.0
S-S-W,0.3132340333333339
S-S-Zr,0.017978953333333436
Se-Se-Ce,0.0
Se-Se-Ge,0.17398146500000067
Se-Se-Hf,0.01695926333333375
Se-Se-Ir,0.2062555387499998
Se-Se-Mo,0.28342343499999956
Se-Se-Os,0.39785249083332985
Se-Se-Pd,0.043086531666670425
Se-Se-Pt,0.00695830333333447
Se-Se-Re,0.44413816249999627
Se-Se-Ru,0.3829214441666622
Se-Se-Sn,0.01937793999999826
Se-Se-Tc,0.0
Se-Se-Te,0.0
Se-Se-Ti,0.007020485000001742
Se-Se-W,0.282919568333341
Se-Se-Zr,0.019889740000003542
Te-Te-Ce,0.20352599499999258
Te-Te-Ge,0.10716101666666233
Te-Te-Hf,0.028003683333331253
Te-Te-Ir,0.15329231888888728
Te-Te-Mo,0.19703453500000023
Te-Te-Os,0.39042084333333804
Te-Te-Pd,0.11343454000000008
Te-Te-Pt,0.043760103333340794
Te-Te-Re,0.22135941333332454
Te-Te-Ru,0.3943421333333319
Te-Te-Sn,0.0663636666666676
Te-Te-Tc,0.0
Te-Te-Ti,0.028722020000003567
Te-Te-W,0.25254591083333366
Te-Te-Zr,0.03258920666666398
NH-Br-Al,0.2247043351562521
NH-Br-Bi,0.32619827093750686
NH-Br-Ce,0.3246291479166672
NH-Br-Co,0.2808925414062511
NH-Br-Cr,0.16487062773148153
NH-Br-Fe,0.39322072750000103
NH-Br-Ga,0.23354774312499949
NH-Br-Gd,0.03374824583334046
NH-Br-In,0.08044680624999856
NH-Br-Ir,0.4646395946875046
NH-Br-La,0.0
NH-Br-Lu,0.0
NH-Br-Nd,0.013844280416670074
NH-Br-Rh,0.29212618875000373
NH-Br-Ru,0.41227874468749803
NH-Br-Sc,0.13411229541666714
NH-Br-Sm,0.018148314583335434
NH-Br-Y,0.0
NH-Cl-Al,0.10820449583333414
NH-Cl-Bi,0.31360123951389696
NH-Cl-Ce,0.35251259416666514
NH-Cl-Co,0.16515991541666786
NH-Cl-Cr,0.0750199193055554
NH-Cl-Fe,0.24436884749999876
NH-Cl-Ga,0.12757063333333463
NH-Cl-Gd,0.03610950500000243
NH-Cl-In,0.044754603796294035
NH-Cl-Ir,0.24663389375000477
NH-Cl-La,0.09441891791666279
NH-Cl-Lu,0.0
NH-Cl-Nd,0.09289332999999544
NH-Cl-Rh,0.10003525937500157
NH-Cl-Ru,0.2693530529166672
NH-Cl-Sc,0.10199407520833503
NH-Cl-Sm,0.0
NH-Cl-Y,0.05417231249999688
NH-CN-Al,0.6084626714999981
NH-CN-Bi,0.6624406041666653
NH-CN-Ce,0.33215879649999636
NH-CN-Co,0.4601767384999995
NH-CN-Cr,0.4930343844999996
NH-CN-Fe,0.5409982164999967
NH-CN-Ga,0.6147454124999978
NH-CN-Gd,0.3609004264999953
NH-CN-In,0.44694572449999903
NH-CN-Ir,0.6329245945000004
NH-CN-La,0.24166559349999694
NH-CN-Lu,0.5084987723749954
NH-CN-Nd,0.3133433944999968
NH-CN-Rh,0.4797796295000012
NH-CN-Ru,0.5816441394999998
NH-CN-Sc,0.5015256624999971
NH-CN-Sm,0.49638713062499384
NH-CN-Y,0.37258821649999696
NH-F-Al,0.2104466540833334
NH-F-Bi,0.3835576426388947
NH-F-Ce,0.05374996305555868
NH-F-Co,0.05425046312499937
NH-F-Cr,0.0970521354166678
NH-F-Fe,0.17311112999999878
NH-F-Ga,0.19230645125000123
NH-F-Gd,0.09835783250000318
NH-F-In,0.09527686049999495
NH-F-Ir,0.3388583301562491
NH-F-La,0.11105443499999978
NH-F-Lu,0.05337636416666669
NH-F-Nd,0.1693891723611145
NH-F-Rh,0.11455209212500073
NH-F-Ru,0.25828901412500116
NH-F-Sc,0.17185679250000163
NH-F-Sm,0.17386159791666955
NH-F-Y,0.10150162777777894
NH-I-Al,0.4807141976041649
NH-I-Bi,0.36131611555556375
NH-I-Ce,0.40197330791666985
NH-I-Co,0.46954872749999765
NH-I-Cr,0.30282867843749983
NH-I-Fe,0.5614406100000018
NH-I-Ga,0.4420994865625012
NH-I-Gd,0.8359476337499991
NH-I-In,0.20595895499999983
NH-I-Ir,0.6122020840624991
NH-I-La,0.0
NH-I-Lu,0.0977107404166695
NH-I-Nd,0.009275029166669668
NH-I-Rh,0.4347257320312501
NH-I-Ru,0.5100300903124975
NH-I-Sc,0.14658472187499783
NH-I-Sm,0.017567512500004767
NH-I-Y,0.09358731791667196
NH-NC-Al,0.502739361499998
NH-NC-Bi,0.6752068041666632
NH-NC-Ce,0.2839249564999964
NH-NC-Co,0.44827136450000005
NH-NC-Cr,0.44614896049999864
NH-NC-Fe,0.5314612324999963
NH-NC-Ga,0.5539414324999967
NH-NC-Gd,0.2885842324999963
NH-NC-In,0.3995077924999979
NH-NC-Ir,0.7271362144999998
NH-NC-La,0.1738907614999956
NH-NC-Lu,0.42068066837499174
NH-NC-Nd,0.2372970284999969
NH-NCO-Al,0.35142918680555546
NH-NCO-Bi,0.3293332361689849
NH-NCO-Ce,0.5261916195833383
NH-NCO-Co,0.20638677874999978
NH-NCO-Cr,0.28409993874999806
NH-NCO-Fe,0.237078119444444
NH-NCO-Ga,0.2650378179166655
NH-NCO-Gd,0.1582430720833372
NH-NCO-In,0.21388735368055478
NH-NCO-Ir,0.3391570192857145
NH-NCO-La,0.40898120671874594
NH-NCO-Lu,0.3727634276388869
NH-NCO-Nd,0.4357670877083315
NH-NCO-Rh,0.18565508845237844
NH-NCO-Ru,0.26289336011904574
NH-NCO-Sc,0.3226880697222203
NH-NCO-Sm,0.4295918885416601
NH-NCO-Y,0.41411583770833005
NH-NC-Rh,0.5354780115000004
NH-NC-Ru,0.6535264635000004
NH-NCS-Al,0.28040359115885316
NH-NCS-Bi,0.4409730865740755
NH-NC-Sc,0.40487043249999566
NH-NCS-Ce,0.23036847208333278
NH-NCS-Co,0.42289525381945126
NH-NCS-Cr,0.4590828976388881
NH-NCS-Fe,0.5271703845833358
NH-NCS-Ga,0.3655182862499995
NH-NCS-Gd,0.17678517374999814
NH-NCS-In,0.32058887999999897
NH-NCS-Ir,0.5484465970833341
NH-NCS-La,0.34580315444445375
NH-NCS-Lu,0.2949751967361074
NH-NC-Sm,0.4235939246249938
NH-NCS-Nd,0.32610665583333187
NH-NCS-Rh,0.460602503819441
NH-NCS-Ru,0.5590837527083323
NH-NCS-Sc,0.26417520513888704
NH-NCS-Sm,0.37287626618055114
NH-NCS-Y,0.26316588162037213
NH-NC-Y,0.29266308449999556
NH-NO-Al,0.954243467666668
NH-NO-Bi,0.8872701898888913
NH-NO-Ce,0.781040603000001
NH-NO-Co,0.6484848680000006
NH-NO-Cr,0.8355647200000007
NH-NO-Fe,0.6130289128333342
NH-NO-Ga,0.7914230589999995
NH-NO-Gd,0.7481873119999989
NH-NO-In,0.8012888259166662
NH-NO-Ir,0.7124759366666709
NH-NO-La,0.8649974507499998
NH-NO-Lu,0.9574457094166675
NH-NO-Nd,0.8999822324999993
NH-NO-Rh,0.641849394277779
NH-NO-Ru,0.5989505626666691
NH-NO-Sc,0.9672944851666667
NH-NO-Sm,0.9275348325000028
NH-NO-Y,0.9465040229166668
NH-OCN-Al,0.5845841284722226
NH-OCN-Bi,0.5462534728356516
NH-OCN-Ce,0.43481207791666954
NH-OCN-Co,0.452055667083334
NH-OCN-Cr,0.5230825870833318
NH-OCN-Fe,0.5358370377777781
NH-OCN-Ga,0.5053762095833321
NH-OCN-Gd,2.477422882083337
NH-OCN-In,0.44956835368055437
NH-OCN-Ir,0.6242268626190466
NH-OCN-La,0.58797797005208
NH-OCN-Lu,0.5901815493055516
NH-OCN-Nd,0.6335570293749999
NH-OCN-Rh,0.44865268011904647
NH-OCN-Ru,0.5544511517857131
NH-OCN-Sc,0.5461312647222218
NH-OCN-Sm,0.634806288541661
NH-OCN-Y,0.62736810770833
NH-SCN-Al,0.5181528761588527
NH-SCN-Bi,0.6342063999074092
NH-SCN-Ce,0.42984330041666396
NH-SCN-Co,0.5524385054861174
NH-SCN-Cr,0.512413797638887
NH-SCN-Fe,0.6374564645833374
NH-SCN-Ga,0.5458050779166665
NH-SCN-Gd,0.36638914708333203
NH-SCN-In,0.48914601333333074
NH-SCN-Ir,0.5835645520833346
NH-SCN-La,0.5266265877777876
NH-SCN-Lu,0.5062540084027738
NH-SCN-Nd,0.5061725991666659
NH-SCN-Rh,0.5815201938194416
NH-SCN-Ru,0.7130260477083308
NH-SCN-Sc,0.47327248347222195
NH-SCN-Sm,0.5676863745138849
NH-SCN-Y,0.46896391995370657
NH-SH-Al,0.34608505289062474
NH-SH-Bi,0.5059974053888823
NH-SH-Ce,0.5698977199999931
NH-SH-Co,0.4076655200833308
NH-SH-Cr,0.4306716626666649
NH-SH-Fe,0.5125241929999991
NH-SH-Ga,0.41520269499999785
NH-SH-Gd,0.19163636599999379
NH-SH-In,0.34658068149999366
NH-SH-Ir,0.4501540900000016
NH-SH-La,0.3842098408333481
NH-SH-Lu,0.29703776433332507
NH-SH-Nd,0.35890352649998825
NH-SH-Rh,0.45820467808333376
NH-SH-Ru,0.6013487407500016
NH-SH-Sc,0.3183118976666641
NH-SH-Sm,0.34383312474999705
NH-SH-Y,0.3097088494444389
O-Br-Al,0.4589683208333373
O-Br-Bi,0.33356805500000064
O-Br-Ce,0.0
O-Br-Co,0.4980542602083382
O-Br-Cr,0.4345940129629682
O-Br-Fe,0.24352279847222746
O-Br-Ga,0.38785812944444764
O-Br-Gd,0.2922260116666635
O-Br-In,0.24618345666667452
O-Br-Ir,0.6884720874999957
O-Br-La,0.35080789500000265
O-Br-Lu,0.2633099566666708
O-Br-Nd,0.32789418833332107
O-Br-Rh,0.4414529977777768
O-Br-Ru,0.47665863027777533
O-Br-Sc,0.23531649833334
O-Br-Sm,0.31517108666666616
O-Br-Y,0.09732054291668035
O-Cl-Al,0.2811717455555591
O-Cl-Bi,0.3514085566666729
O-Cl-Ce,0.3039496766666545
O-Cl-Co,0.32635940000000296
O-Cl-Cr,0.297532445740714
O-Cl-Fe,0.3989973716666668
O-Cl-Ga,0.2244912927777829
O-Cl-Gd,1.306857441666665
O-Cl-In,0.18156434499999818
O-Cl-Ir,0.2980877075000059
O-Cl-La,0.36003187000000025
O-Cl-Lu,0.0
O-Cl-Nd,0.33993653166666604
O-Cl-Rh,0.20302568083333838
O-Cl-Ru,0.3620110263888918
O-Cl-Sc,0.17379324500000237
O-Cl-Sm,0.31139914999999974
O-Cl-Y,0.24784999333333246
O-CN-Al,0.8111075077083321
O-CN-Bi,0.6642383629861079
O-CN-Ce,0.7635207743749994
O-CN-Co,0.8059583031249993
O-CN-Cr,0.6940966706249974
O-CN-Fe,0.7203120341666658
O-CN-Ga,0.7793388368750005
O-CN-Gd,1.0975954990624963
O-CN-In,0.6461786405208318
O-CN-Ir,0.9578057799999975
O-CN-La,0.5895329825781239
O-CN-Lu,0.6398817914583184
O-CN-Nd,0.6782726040624993
O-CN-Rh,0.6992691162500027
O-CN-Ru,0.7642844462500022
O-CN-Sc,0.6130219520833311
O-CN-Sm,0.6874823603124973
O-CN-Y,0.6837835340624974
O-F-Al,0.25586507322222474
O-F-Bi,0.31054304484848316
O-F-Ce,0.0
O-F-Co,0.055570637407408086
O-F-Cr,0.2087073872222227
O-F-Fe,0.16512155166666886
O-F-Ga,0.15824979685185525
O-F-Gd,0.0
O-F-In,0.214684758333334
O-F-Ir,0.39121048472222597
O-F-La,0.36114809999999764
O-F-Lu,0.30734487708333447
O-F-Nd,0.39763039333332273
O-F-Rh,0.12791478888888896
O-F-Ru,0.2560155141666698
O-F-Sc,0.25107624249999816
O-F-Sm,0.38819210999999854
O-F-Y,0.1791018418981558
O-I-Al,0.8741265575000092
O-I-Bi,0.27646962791669694
O-I-Ce,0.0
O-I-Co,0.5393563825000065
O-I-Cr,0.6977189983333396
O-I-Fe,0.40719590416667373
O-I-Ga,0.7136053711111181
O-I-Gd,0.38055902666666697
O-I-In,0.4268918293055606
O-I-Ir,0.786207964166671
O-I-La,0.15403153402778358
O-I-Lu,0.2727640129166744
O-I-Nd,0.1525468397222305
O-I-Rh,0.6117577958333484
O-I-Ru,0.6695522824999962
O-I-Sc,0.39144739250002303
O-I-Sm,0.16111403416667258
O-I-Y,0.25940346541667836
O-NC-Al,0.6690025277083329
O-NC-Bi,0.6591180029861086
O-NC-Ce,0.6737972818750002
O-NC-Co,0.7945524081249999
O-NC-Cr,0.6252292156249979
O-NC-Fe,0.7019162766666653
O-NC-Ga,0.6948035018750005
O-NC-Gd,1.0054441990624987
O-NC-In,0.5887945130208312
O-NC-Ir,1.1205426275000008
O-NC-La,0.5003463825781225
O-NC-Lu,0.5277230839583176
O-NC-Nd,0.5850057990625004
O-NCO-Al,0.31795265124999794
O-NCO-Bi,0.22887640224999473
O-NCO-Ce,0.23248419850000346
O-NCO-Co,0.34209004483333594
O-NCO-Cr,0.2715924022499969
O-NCO-Fe,0.27766719349999747
O-NCO-Ga,0.25685732574999776
O-NCO-Gd,0.5389787860000084
O-NCO-In,0.2215701391249958
O-NCO-Ir,0.5512145894999989
O-NCO-La,0.1646868588749939
O-NCO-Lu,0.2279925623749932
O-NCO-Nd,0.18345128199999294
O-NCO-Rh,0.298655654500001
O-NCO-Ru,0.33466848049999953
O-NCO-Sc,0.2195667559999972
O-NCO-Sm,0.19306291699999178
O-NCO-Y,0.2039334386249969
O-NC-Rh,0.794278663750001
O-NC-Ru,0.8558516912500007
O-NCS-Al,0.4113062820572928
O-NCS-Bi,0.3672134397499782
O-NC-Sc,0.5000924620833302
O-NCS-Ce,0.544741520499997
O-NCS-Co,0.6132176051666676
O-NCS-Cr,0.5000126557786455
O-NCS-Fe,0.5576911967692251
O-NCS-Ga,0.417733748945313
O-NCS-Gd,0.7331241619999957
O-NCS-In,0.3481609925937441
O-NCS-Ir,0.8034240159999939
O-NCS-La,0.30801728550001073
O-NCS-Lu,0.22672776802864902
O-NC-Sm,0.5945960753124986
O-NCS-Nd,0.2569551759318074
O-NCS-Rh,0.637582804083328
O-NCS-Ru,0.6712428127500001
O-NCS-Sc,0.24704295144531052
O-NCS-Sm,0.23227693214062128
O-NCS-Y,0.22383817914061943
O-NC-Y,0.5808866065624976
O-NO-Al,0.8085677109374956
O-NO-Bi,0.6651576182812491
O-NO-Ce,0.9431010500000028
O-NO-Co,0.5627815454166694
O-NO-Cr,0.7590325725000007
O-NO-Fe,0.487722618749995
O-NO-Ga,0.6753655590624952
O-NO-Gd,0.0
O-NO-In,0.7384794607812442
O-NO-Ir,0.7827249112499999
O-NO-La,0.6892716309722182
O-NO-Lu,0.7817970373437433
O-NO-Nd,0.7536567787500026
O-NO-Rh,0.6097497237499994
O-NO-Ru,0.7310823200000023
O-NO-Sc,0.8904028593749942
O-NO-Sm,0.7325124306249897
O-NO-Y,0.7621652376562462
O-OCN-Al,0.6027271272499988
O-OCN-Bi,0.4983517202499961
O-OCN-Ce,0.8116136505
O-OCN-Co,0.6467700428333352
O-OCN-Cr,0.5639264482499975
O-OCN-Fe,0.49033225149999815
O-OCN-Ga,0.5518172437499977
O-OCN-Gd,0.0
O-OCN-In,0.5104504231249969
O-OCN-Ir,0.8993526175
O-OCN-La,0.39821836287499224
O-OCN-Lu,1.0060896323749944
O-OCN-Nd,0.4325800339999901
O-OCN-Rh,0.6311184645000001
O-OCN-Ru,0.6596054764999995
O-OCN-Sc,0.49596366799999636
O-OCN-Sm,0.4523851169999915
O-OCN-Y,0.46805265662499806
O-SCN-Al,0.7548436340572913
O-SCN-Bi,0.570450665749977
O-SCN-Ce,0.4514369324999947
O-SCN-Co,0.7814741571666666
O-SCN-Cr,0.7114556097786444
O-SCN-Fe,0.7936091187692256
O-SCN-Ga,0.7101920089453131
O-SCN-Gd,0.9878079219999982
O-SCN-In,0.6184815145937446
O-SCN-Ir,0.7773339359999945
O-SCN-La,0.5671130575000092
O-SCN-Lu,0.5322855980286505
O-SCN-Nd,0.5182783899318082
O-SCN-Rh,0.7520519020833287
O-SCN-Ru,0.798858008749999
O-SCN-Sc,0.5439152374453116
O-SCN-Sm,0.5068451241406216
O-SCN-Y,0.5155828751406162
O-SH-Al,0.5763623121538615
O-SH-Bi,0.40603828677082987
O-SH-Ce,0.25749135500000264
O-SH-Co,0.63681666028846
O-SH-Cr,0.523970649098306
O-SH-Fe,0.6466195030882371
O-SH-Ga,0.5568256155908209
O-SH-Gd,0.008354204931645626
O-SH-In,0.4516079109558717
O-SH-Ir,0.6032922316666642
O-SH-La,0.3985717387499932
O-SH-Lu,0.337755386910807
O-SH-Nd,0.3257572649501448
O-SH-Rh,0.5871988626325724
O-SH-Ru,0.6525445905208329
O-SH-Sc,0.3556504186816394
O-SH-Sm,0.3119741343981488
O-SH-Y,0.31697854948025217
PH-Br-Al,0.26532140834325446
PH-Br-Bi,0.2979035587103276
PH-Br-Ce,0.597614197301592
PH-Br-Co,0.25221858468750114
PH-Br-Cr,0.3849774401388917
PH-Br-Fe,0.4521818668750015
PH-Br-Ga,0.31323563688492406
PH-Br-Gd,1.338851092718258
PH-Br-In,0.24945235396825538
PH-Br-Ir,0.185551443749997
PH-Br-La,0.36057059052083673
PH-Br-Lu,0.2849193185515908
PH-Br-Nd,0.36918843510417076
PH-Br-Rh,0.16083669791666466
PH-Br-Ru,0.3499901329166697
PH-Br-Sc,0.1933808352182549
PH-Br-Sm,0.36430681114583763
PH-Br-Y,0.27430272927083266
PH-Cl-Al,0.3348480818849229
PH-Cl-Bi,0.28494334516866004
PH-Cl-Ce,0.6455362285515918
PH-Cl-Co,0.2418452115625005
PH-Cl-Cr,0.39929466222222665
PH-Cl-Fe,0.41816092812500116
PH-Cl-Ga,0.346049224384922
PH-Cl-Gd,0.39015438688492665
PH-Cl-In,0.2553925381415354
PH-Cl-Ir,0.1028607854166701
PH-Cl-La,0.39796856385417456
PH-Cl-Lu,0.00705040921874911
PH-Cl-Nd,0.41305083218750127
PH-Cl-Rh,0.12115677229166621
PH-Cl-Ru,0.34267720250000266
PH-Cl-Sc,0.35805017521825633
PH-Cl-Sm,0.30277464947916854
PH-Cl-Y,0.38569753343750257
PH-CN-Al,1.09847064202381
PH-CN-Bi,0.8295059101761879
PH-CN-Ce,0.9941684256250003
PH-CN-Co,0.7371335022500016
PH-CN-Cr,0.845968107500001
PH-CN-Fe,0.7991733727500137
PH-CN-Ga,0.935631382375
PH-CN-Gd,0.7499195448749987
PH-CN-In,0.7936453167499966
PH-CN-Ir,0.6512959922499881
PH-CN-La,0.6530055533333332
PH-CN-Lu,0.8135320270238076
PH-CN-Nd,0.7179786769999978
PH-CN-Rh,0.6955423222500023
PH-CN-Ru,0.7644572430000078
PH-CN-Sc,0.8821288190238086
PH-CN-Sm,0.7568647334821463
PH-CN-Y,0.7829577546249986
PH-F-Al,0.7663431301349215
PH-F-Bi,0.3746306532936572
PH-F-Ce,0.8788312399404781
PH-F-Co,0.38967456196428785
PH-F-Cr,0.5072869233333375
PH-F-Fe,0.5597708456249997
PH-F-Ga,0.6183964524404768
PH-F-Gd,0.5957136693849279
PH-F-In,0.49619608063492215
PH-F-Ir,0.4156259406249987
PH-F-La,0.6016716442708407
PH-F-Lu,0.5252989535515908
PH-F-Nd,0.6359089270486145
PH-F-Rh,0.37909829449999854
PH-F-Ru,0.5484678241249945
PH-F-Sc,0.570608497718256
PH-F-Sm,0.6380551394791709
PH-F-Y,0.5723465003819452
PH-I-Al,0.2614744908432556
PH-I-Bi,0.2927693562103286
PH-I-Ce,0.6234545698015914
PH-I-Co,0.3277622381250005
PH-I-Cr,0.4392925175000002
PH-I-Fe,0.545088180625001
PH-I-Ga,0.33272249063492154
PH-I-Gd,1.087443341250001
PH-I-In,0.22959916626487598
PH-I-Ir,0.24058049187500075
PH-I-La,0.3225552001041727
PH-I-Lu,0.2868269048015861
PH-I-Nd,0.3103436338541705
PH-I-Rh,0.2366274899999965
PH-I-Ru,0.4145312662500018
PH-I-Sc,0.23027776855158777
PH-I-Sm,0.2996225690624996
PH-I-Y,0.3331712730208345
PH-NC-Al,1.0564487860238092
PH-NC-Bi,0.8275748381761865
PH-NC-Ce,1.008985189625001
PH-NC-Co,0.7513965802500024
PH-NC-Cr,0.7909279975000008
PH-NC-Fe,0.8370451187500123
PH-NC-Ga,0.916915710375001
PH-NC-Gd,1.4469359608749954
PH-NC-In,0.779466280749995
PH-NC-Ir,0.7101476962499902
PH-NC-La,0.6112416713333335
PH-NC-Lu,0.7769463410238053
PH-NC-Nd,0.6681936229999987
PH-NCO-Al,0.9352052719563524
PH-NCO-Bi,0.6817160362978285
PH-NCO-Ce,0.6799033618229213
PH-NCO-Co,0.48514758947916903
PH-NCO-Cr,0.6498694871388899
PH-NCO-Fe,0.5961202934523815
PH-NCO-Ga,0.6997439819791644
PH-NCO-Gd,0.5910021733854194
PH-NCO-In,0.6165766101250014
PH-NCO-Ir,0.4115577493125109
PH-NCO-La,0.7297007753172373
PH-NCO-Lu,0.8405458534146852
PH-NCO-Nd,0.7546002338802058
PH-NCO-Rh,0.42681088197916317
PH-NCO-Ru,0.5266808912251904
PH-NCO-Sc,0.783546314873016
PH-NCO-Sm,0.7564967483723919
PH-NCO-Y,0.7665110746944457
PH-NC-Rh,0.7345660202500017
PH-NC-Ru,0.8378673430000081
PH-NCS-Al,0.732568336261906
PH-NCS-Bi,0.5825419182486904
PH-NC-Sc,0.837077371023808
PH-NCS-Ce,0.6589037637579427
PH-NCS-Co,0.5626661179166703
PH-NCS-Cr,0.7646139560277767
PH-NCS-Fe,0.6823791704166862
PH-NCS-Ga,0.6931373038902162
PH-NCS-Gd,0.596771043757947
PH-NCS-In,0.6282359021541044
PH-NCS-Ir,0.512326649374998
PH-NCS-La,0.7001089224861126
PH-NCS-Lu,0.6948668325119058
PH-NC-Sm,0.7289533574821458
PH-NCS-Nd,0.7029169332361125
PH-NCS-Rh,0.488740188402776
PH-NCS-Ru,0.658295390416674
PH-NCS-Sc,0.7122161802896798
PH-NCS-Sm,0.6979739081527789
PH-NCS-Y,0.6926537268009287
PH-NC-Y,0.7199984426250001
PH-NO-Al,1.6355405298476215
PH-NO-Bi,1.2665442050573787
PH-NO-Ce,1.0808875176874988
PH-NO-Co,1.012993286875
PH-NO-Cr,1.2142204040666655
PH-NO-Fe,1.061005085642858
PH-NO-Ga,1.2870588238750003
PH-NO-Gd,1.085304831562496
PH-NO-In,1.2108878936499998
PH-NO-Ir,0.9609479826749912
PH-NO-La,1.2267394531875002
PH-NO-Lu,1.356516975597625
PH-NO-Nd,1.3838575242499953
PH-NO-Rh,0.9750857398750039
PH-NO-Ru,0.9692163369702413
PH-NO-Sc,1.440636301347622
PH-NO-Sm,1.4271421812124974
PH-NO-Y,1.4558320351333212
PH-OCN-Al,1.1851067886230187
PH-OCN-Bi,0.8242065496311604
PH-OCN-Ce,1.0846776484895866
PH-OCN-Co,0.7499039061458355
PH-OCN-Cr,0.908436207138891
PH-OCN-Fe,0.8702251767857145
PH-OCN-Ga,0.9337939603124976
PH-OCN-Gd,0.7905359533854188
PH-OCN-In,0.8244650101250013
PH-OCN-Ir,0.6842201943125126
PH-OCN-La,0.8771161986505689
PH-OCN-Lu,0.9603809700813493
PH-OCN-Nd,0.9288348372135395
PH-OCN-Rh,0.6854866786458285
PH-OCN-Ru,0.7700111378918564
PH-OCN-Sc,1.005502789873015
PH-OCN-Sm,0.9397321267057261
PH-OCN-Y,0.9646568646944456
PH-SCN-Al,0.8340427745952397
PH-SCN-Bi,0.8197108699153581
PH-SCN-Ce,1.0123192170912763
PH-SCN-Co,0.592774226250004
PH-SCN-Cr,0.864946699361111
PH-SCN-Fe,0.693456437083352
PH-SCN-Ga,0.7321659138902152
PH-SCN-Gd,2.8572195087579466
PH-SCN-In,0.6741194304874387
PH-SCN-Ir,0.5514427077083326
PH-SCN-La,0.8577102774861132
PH-SCN-Lu,0.8362553275119069
PH-SCN-Nd,0.8518016799027794
PH-SCN-Rh,0.574000723402774
PH-SCN-Ru,0.7494826787500077
PH-SCN-Sc,0.8202790552896797
PH-SCN-Sm,0.8790664564861146
PH-SCN-Y,0.811275726800929
PH-SH-Al,0.45440333790476384
PH-SH-Bi,0.449928189912697
PH-SH-Ce,0.7594050125238176
PH-SH-Co,0.3661665197500099
PH-SH-Cr,0.5142757568333316
PH-SH-Fe,0.512095053499996
PH-SH-Ga,0.48233184068254076
PH-SH-Gd,0.436816886523804
PH-SH-In,0.408483492599208
PH-SH-Ir,0.3754393872500046
PH-SH-La,0.5801517201666719
PH-SH-Lu,0.5432928993492041
PH-SH-Nd,0.5768447043333289
PH-SH-Rh,0.34182391383333766
PH-SH-Ru,0.5945089367499996
PH-SH-Sc,0.5273153340158725
PH-SH-Sm,0.5694786073333304
PH-SH-Y,0.5505186636111077
S-Br-Al,0.03881253675926111
S-Br-Bi,0.0471507641666733
S-Br-Ce,0.7070707294444354
S-Br-Co,0.08838290499999957
S-Br-Cr,0.10956952000000086
S-Br-Fe,0.23036058000000637
S-Br-Ga,0.10983956944444628
S-Br-Gd,4.042442035494801
S-Br-In,0.013223585416668016
S-Br-Ir,0.10692099833332946
S-Br-La,0.14847626499999578
S-Br-Lu,0.09131824166667002
S-Br-Nd,0.15009704916666777
S-Br-Rh,0.05454330027778198
S-Br-Ru,0.18099624736110798
S-Br-Sc,0.0
S-Br-Sm,0.10161335416667328
S-Br-Y,0.0
S-Cl-Al,0.06353400148148403
S-Cl-Bi,0.051749085833328934
S-Cl-Ce,0.33698321777777096
S-Cl-Co,0.046439620833339745
S-Cl-Cr,0.1856509801851871
S-Cl-Fe,0.1751244683333315
S-Cl-Ga,0.09545044944444925
S-Cl-Gd,4.070337051050355
S-Cl-In,0.0
S-Cl-Ir,0.0
S-Cl-La,0.1857740594444408
S-Cl-Lu,0.0
S-Cl-Nd,0.17125262472221436
S-Cl-Rh,0.0
S-Cl-Ru,0.18225627347222328
S-Cl-Sc,0.07713191277777831
S-Cl-Sm,0.1455711297916622
S-Cl-Y,0.10053996351852135
S-CN-Al,0.7814543017382807
S-CN-Bi,0.5546070023611058
S-CN-Ce,0.3935091756249989
S-CN-Co,0.5781245507291661
S-CN-Cr,0.7017776214583318
S-CN-Fe,0.6393882218749987
S-CN-Ga,0.7454947118749988
S-CN-Gd,3.543305898125002
S-CN-In,0.588846007499999
S-CN-Ir,0.6156199506249962
S-CN-La,0.5074348691666835
S-CN-Lu,0.6361248001041631
S-CN-Nd,0.5182340162499912
S-CN-Rh,0.5280063407291671
S-CN-Ru,0.6802565640624998
S-CN-Sc,0.6009778727083308
S-CN-Sm,0.6360806767708311
S-CN-Y,0.5172971874305539
Se-Br-Al,0.051018734722227066
Se-Br-Bi,0.0
Se-Br-Ce,0.0
Se-Br-Co,0.04402529500001151
Se-Br-Cr,0.11542539018518738
Se-Br-Fe,0.19758522666667488
Se-Br-Ga,0.12047612277778441
Se-Br-Gd,4.208642739999991
Se-Br-In,0.017940094259262906
Se-Br-Ir,0.05828498270832938
Se-Br-La,0.09091123633988829
Se-Br-Lu,0.0
Se-Br-Nd,0.04737331513891263
Se-Br-Rh,0.0
Se-Br-Ru,0.19045814902777636
Se-Br-Sc,0.0
Se-Br-Sm,0.09995568055554926
Se-Br-Y,0.0
Se-Cl-Al,0.11306333277778258
Se-Cl-Bi,0.02104086416666462
Se-Cl-Ce,0.0
Se-Cl-Co,0.03895625416667592
Se-Cl-Cr,0.1472530629629638
Se-Cl-Fe,0.16816233166666628
Se-Cl-Ga,0.13985030277778243
Se-Cl-Gd,4.243143585555551
Se-Cl-In,0.0
Se-Cl-Ir,0.0
Se-Cl-La,0.13165518078433536
Se-Cl-Lu,0.0
Se-Cl-Nd,0.09577871458335352
Se-Cl-Rh,0.0
Se-Cl-Ru,0.16295225180555306
Se-Cl-Sc,0.0
Se-Cl-Sm,0.010448508333322337
Se-Cl-Y,0.0
Se-CN-Al,0.9297648123828122
Se-CN-Bi,0.5434024163194415
Se-CN-Ce,0.7353848156250002
Se-CN-Co,0.5674421875000011
Se-CN-Cr,0.6646688310416646
Se-CN-Fe,0.649171071875001
Se-CN-Ga,0.780475926874999
Se-CN-Gd,3.6425155043750017
Se-CN-In,0.6297882437499993
Se-CN-Ir,0.6472458389062474
Se-CN-La,0.4035317421875
Se-CN-Lu,0.6437543746874965
Se-CN-Nd,0.49128200750000417
Se-CN-Rh,0.47187943156250256
Se-CN-Ru,0.7046491303125002
Se-CN-Sc,0.534860138632812
Se-CN-Sm,0.6627017440624989
Se-CN-Y,0.41039085750000126
Se-F-Al,0.5888433304444494
Se-F-Bi,0.11404814166667165
Se-F-Ce,0.0
Se-F-Co,0.2404958366666765
Se-F-Cr,0.34785341777777923
Se-F-Fe,0.2921987683333427
Se-F-Ga,0.4318924868518579
Se-F-Gd,4.406547868888879
Se-F-In,0.24441970314815364
Se-F-Ir,0.09342967057291673
Se-F-La,0.47641167000000095
Se-F-Lu,0.24860200555556844
Se-F-Nd,0.46542643333332734
Se-F-Rh,0.0
Se-F-Ru,0.2751227629166664
Se-F-Sc,0.042907811336808876
Se-F-Sm,0.4248806883333245
Se-F-Y,0.40493686916666505
Se-I-Al,0.08649829472222237
Se-I-Bi,0.01304151555555677
Se-I-Ce,0.17619705250002227
Se-I-Co,0.10595208916668142
Se-I-Cr,0.0
Se-I-Fe,0.2525176783333478
Se-I-Ga,0.17289608111111576
Se-I-Gd,3.7818944983333225
Se-I-In,0.05639984166666778
Se-I-Ir,0.05920688270833807
Se-I-La,0.04758957245100248
Se-I-Lu,0.014083243888897812
Se-I-Nd,0.0
Se-I-Rh,0.0
Se-I-Ru,0.18401893125000157
Se-I-Sc,0.0
Se-I-Sm,0.02801337444443419
Se-I-Y,0.0
Se-NC-Al,0.8811790348828126
Se-NC-Bi,0.5520440763194436
Se-NC-Ce,0.3594904481250012
Se-NC-Co,0.5693996300000013
Se-NC-Cr,0.6412586160416662
Se-NC-Fe,0.664122909375001
Se-NC-Ga,0.7617806668749978
Se-NC-Gd,3.580679911875002
Se-NC-In,0.5981650987499982
Se-NC-Ir,0.727243526406248
Se-NC-La,0.3543137821875
Se-NC-Lu,0.5731397721874956
Se-NC-Nd,0.4314005050000027
Se-NCO-Al,0.6565835425729158
Se-NCO-Bi,0.1531506349166456
Se-NCO-Ce,0.6359635974999946
Se-NCO-Co,0.20490812716666795
Se-NCO-Cr,0.3424257628697891
Se-NCO-Fe,0.26430119100000127
Se-NCO-Ga,0.3684253172031262
Se-NCO-Gd,0.8550128142500029
Se-NCO-In,0.22835897506423564
Se-NCO-Ir,0.24625244862500395
Se-NCO-La,0.3404267693854166
Se-NCO-Lu,0.43339503757292164
Se-NCO-Nd,0.35958638765624684
Se-NCO-Rh,0.0873138367500026
Se-NCO-Ru,0.28239305174999885
Se-NCO-Sc,0.3774576980729165
Se-NCO-Sm,0.38293877465624604
Se-NCO-Y,0.4169967996562569
Se-NC-Rh,0.523711271562501
Se-NC-Ru,0.770260575312502
Se-NCS-Al,0.4501587257968751
Se-NCS-Bi,0.2325235808619759
Se-NC-Sc,0.4617972436328124
Se-NCS-Ce,0.5515531525000128
Se-NCS-Co,0.37539062749999985
Se-NCS-Cr,0.3840721455364555
Se-NCS-Fe,0.476539070500003
Se-NCS-Ga,0.40502543920312384
Se-NCS-Gd,0.1494373314453128
Se-NCS-In,0.3034829607309
Se-NCS-Ir,0.45901526962502004
Se-NCS-La,0.3421560144999418
Se-NCS-Lu,0.30808049048958
Se-NC-Sm,0.5661537065624991
Se-NCS-Nd,0.3403831863897935
Se-NCS-Rh,0.3513593388369145
Se-NCS-Ru,0.5787943639999966
Se-NCS-Sc,0.25545370857291694
Se-NCS-Sm,0.31439925684896863
Se-NCS-Y,0.24623411439236165
Se-NC-Y,0.33702544250000344
Se-NO-Al,1.452391717591146
Se-NO-Bi,0.7359331615277895
Se-NO-Ce,0.9322941962500018
Se-NO-Co,0.7571458011914078
Se-NO-Cr,0.9810537004622368
Se-NO-Fe,0.7133505620442762
Se-NO-Ga,1.0230721033789045
Se-NO-Gd,0.5451848412499984
Se-NO-In,0.9144042782052964
Se-NO-Ir,0.7303753526562495
Se-NO-La,1.0410268586067737
Se-NO-Lu,1.1990286170247373
Se-NO-Nd,1.0833622647526084
Se-NO-Rh,0.5959138846874978
Se-NO-Ru,0.7669407490624991
Se-NO-Sc,1.1594874644661424
Se-NO-Sm,1.0912862675195356
Se-NO-Y,1.0646226342057368
Se-OCN-Al,0.9554010705729166
Se-OCN-Bi,0.39732966091664323
Se-OCN-Ce,0.8264367054999973
Se-OCN-Co,0.5141239411666696
Se-OCN-Cr,0.6542009428697906
Se-OCN-Fe,0.5850864830000013
Se-OCN-Ga,0.6555416172031254
Se-OCN-Gd,1.1556300482500035
Se-OCN-In,0.5048918390642356
Se-OCN-Ir,0.5743216106250024
Se-OCN-La,0.5377833173854185
Se-OCN-Lu,0.691112801572924
Se-OCN-Nd,0.7586478156562464
Se-OCN-Rh,0.3976901687500032
Se-OCN-Ru,0.6166048257499988
Se-OCN-Sc,0.6491419480729164
Se-OCN-Sm,0.6234270006562461
Se-OCN-Y,0.6675806016562547
Se-SCN-Al,0.5600002477968751
Se-SCN-Bi,0.4090862708619767
Se-SCN-Ce,0.4948307485000143
Se-SCN-Co,0.4058752154999983
Se-SCN-Cr,0.47924571153645523
Se-SCN-Fe,0.558362208500002
Se-SCN-Ga,0.49106279720312607
Se-SCN-Gd,0.3343623594453149
Se-SCN-In,0.4073160307309003
Se-SCN-Ir,0.4249426736250186
Se-SCN-La,0.5279867304999399
Se-SCN-Lu,0.543233694489583
Se-SCN-Nd,0.5116464043897935
Se-SCN-Rh,0.39055568683691533
Se-SCN-Ru,0.6342901219999959
Se-SCN-Sc,0.44524671257291715
Se-SCN-Sm,0.49994511284896603
Se-SCN-Y,0.4409959203923606
Se-SH-Al,0.24472741490668426
Se-SH-Bi,0.20622873295247146
Se-SH-Ce,0.2140238950000004
Se-SH-Co,0.1841415637499999
Se-SH-Cr,0.3502569337955723
Se-SH-Fe,0.37320427500000086
Se-SH-Ga,0.2993905758789044
Se-SH-Gd,0.07216249118164342
Se-SH-In,0.19143491778862654
Se-SH-Ir,0.20732967640624622
Se-SH-La,0.32272950750000007
Se-SH-Lu,0.25377298067057197
Se-SH-Nd,0.3002044423622543
Se-SH-Rh,0.1787417354211449
Se-SH-Ru,0.47730603187500265
Se-SH-Sc,0.13709167908853992
Se-SH-Sm,0.28368666543620336
Se-SH-Y,0.18972376486545173
S-F-Al,0.459999762481484
S-F-Bi,0.12088242305556207
S-F-Ce,0.44445935833333294
S-F-Co,0.1519406033333368
S-F-Cr,0.34859342833333606
S-F-Fe,0.32657394166667153
S-F-Ga,0.3260901001851888
S-F-Gd,1.7267383233333362
S-F-In,0.18453185430555763
S-F-Ir,0.010766227222227087
S-F-La,0.4609589649999961
S-F-Lu,0.34202347666666455
S-F-Nd,0.47721114666666864
S-F-Rh,0.0
S-F-Ru,0.26149888124999876
S-F-Sc,0.2987135227777795
S-F-Sm,0.4524523433333343
S-F-Y,0.40493128333333317
S-I-Al,0.13356138009259055
S-I-Bi,0.04086371027778313
S-I-Ce,0.0
S-I-Co,0.2026673958333447
S-I-Cr,0.06826776611111285
S-I-Fe,0.3392663350000156
S-I-Ga,0.21431447111111623
S-I-Gd,0.09963328500000301
S-I-In,0.05257988541666947
S-I-Ir,0.18290030166667037
S-I-La,0.11417664111110781
S-I-Lu,0.0249155877777838
S-I-Nd,0.0680240336111062
S-I-Rh,0.10723431138889694
S-I-Ru,0.22492629625000404
S-I-Sc,0.0
S-I-Sm,0.10889775000000412
S-I-Y,0.07599748629630199
S-NC-Al,0.7079556242382807
S-NC-Bi,0.5604672223611047
S-NC-Ce,0.3311710956249989
S-NC-Co,0.5715723307291665
S-NC-Cr,0.6648128239583322
S-NC-Fe,0.6555418718750001
S-NC-Ga,0.7064268943749976
S-NC-Gd,0.27979121812500196
S-NC-In,0.5501123899999989
S-NC-Ir,0.7008891681249949
S-NC-La,0.44283444416668516
S-NC-Lu,0.5533921301041644
S-NC-Nd,0.4526633787499925
S-NCO-Al,0.5002921460572924
S-NCO-Bi,0.15351850374997866
S-NCO-Ce,0.6068137244999967
S-NCO-Co,0.1822364091666664
S-NCO-Cr,0.31064924577864517
S-NCO-Fe,0.24925509276922675
S-NCO-Ga,0.30008957294531236
S-NCO-Gd,0.0
S-NCO-In,0.2003161765937449
S-NCO-Ir,0.2284786999999966
S-NCO-La,0.3795409395000071
S-NCO-Lu,0.3577042180286476
S-NCO-Nd,0.3191539799318086
S-NCO-Rh,0.13435731808332818
S-NCO-Ru,0.26192056674999975
S-NCO-Sc,0.3449505694453112
S-NCO-Sm,0.30408579214062215
S-NCO-Y,0.32096483514061624
S-NC-Rh,0.5827876907291678
S-NC-Ru,0.7599308215624987
S-NCS-Al,0.32606744128124987
S-NCS-Bi,0.24133979169531017
S-NC-Sc,0.518555652708331
S-NCS-Ce,0.2595693284999925
S-NCS-Co,0.3858253074999993
S-NCS-Cr,0.3153928444453129
S-NCS-Fe,0.49751926049999895
S-NCS-Ga,0.35067109294531207
S-NCS-Gd,0.7747730203906258
S-NCS-In,0.28247950782031417
S-NCS-Ir,0.43909264549998994
S-NCS-La,0.31481616749999475
S-NCS-Lu,0.2318071069453147
S-NC-Sm,0.5633788192708309
S-NCS-Nd,0.2994933889999949
S-NCS-Rh,0.3165049381953118
S-NCS-Ru,0.588991060999998
S-NCS-Sc,0.2355259019453122
S-NCS-Sm,0.2617846426953143
S-NCS-Y,0.2467115346119808
S-NC-Y,0.4434017299305548
S-NO-Al,1.2911477719466138
S-NO-Bi,0.7444527645312427
S-NO-Ce,0.9275676875000052
S-NO-Co,0.758722424250001
S-NO-Cr,1.1023446790983051
S-NO-Fe,0.7625141553365378
S-NO-Ga,0.9601565855566392
S-NO-Gd,1.4095174671250028
S-NO-In,0.898586360117184
S-NO-Ir,0.6849290732211557
S-NO-La,1.1050491337499935
S-NO-Lu,1.1534809469108076
S-NO-Nd,1.0509277869502291
S-NO-Rh,0.6246161562980763
S-NO-Ru,0.7403530703125014
S-NO-Sc,1.1392412111816395
S-NO-Sm,1.0393074223274716
S-NO-Y,1.1173789719802532
S-OCN-Al,0.801921590057292
S-OCN-Bi,0.40544277174997845
S-OCN-Ce,0.5035391244999978
S-OCN-Co,0.48887882516666714
S-OCN-Cr,0.6194129677786453
S-OCN-Fe,0.5695654947692272
S-OCN-Ga,0.5913949149453135
S-OCN-Gd,1.032044361999997
S-OCN-In,0.48270985459374494
S-OCN-Ir,0.5566685639999953
S-OCN-La,0.5822274555000071
S-OCN-Lu,0.6233327880286481
S-OCN-Nd,0.5454180479318076
S-OCN-Rh,0.44587378008332834
S-OCN-Ru,0.5953785507500005
S-OCN-Sc,0.6195543354453115
S-OCN-Sm,0.5416937261406218
S-OCN-Y,0.5743688711406172
S-SCN-Al,0.495685607281251
S-SCN-Bi,0.436996683695309
S-SCN-Ce,0.45580586049999283
S-SCN-Co,0.43989415549999933
S-SCN-Cr,0.46991546444531274
S-SCN-Fe,0.5639406744999995
S-SCN-Ga,0.47258911094531264
S-SCN-Gd,0.9647268463906258
S-SCN-In,0.4027627898203132
S-SCN-Ir,0.44988457149999306
S-SCN-La,0.5011391574999919
S-SCN-Lu,0.4467944529453156
S-SCN-Nd,0.49068422499999187
S-SCN-Rh,0.39815134019531406
S-SCN-Ru,0.6585256829999988
S-SCN-Sc,0.4640870259453127
S-SCN-Sm,0.4583538866953134
S-SCN-Y,0.4452528466119805
S-SH-Al,0.1916875940983065
S-SH-Bi,0.22792029399414204
S-SH-Ce,0.19709561999999892
S-SH-Co,0.22695210624999973
S-SH-Cr,0.2522449424316413
S-SH-Fe,0.41404070249999947
S-SH-Ga,0.2747884430566412
S-SH-Gd,0.8556794398632839
S-SH-In,0.18218331665039145
S-SH-Ir,0.23936312125000114
S-SH-La,0.2979860612500005
S-SH-Lu,0.20401619305664198
S-SH-Nd,0.2762147481249997
S-SH-Rh,0.1816734521191421
S-SH-Ru,0.5021510606250015
S-SH-Sc,0.2043507893066412
S-SH-Sm,0.2325148627441429
S-SH-Y,0.21029677763997512
Te-Br-Al,0.14056778097222278
Te-Br-Bi,0.0
Te-Br-Ce,0.3520085811111002
Te-Br-Co,0.059236347499997066
Te-Br-Cr,0.0
Te-Br-Fe,0.2511613358333378
Te-Br-Ga,0.19073948888888026
Te-Br-Gd,1.345138360555552
Te-Br-In,0.11314269416666534
Te-Br-Ir,0.06435252944444159
Te-Br-La,0.21289931041663834
Te-Br-Lu,0.0
Te-Br-Nd,0.1382731966666526
Te-Br-Rh,0.0
Te-Br-Ru,0.24599156694444346
Te-Br-Sc,0.0
Te-Br-Sm,0.047933981944474624
Te-Br-Y,0.0
Te-Cl-Al,0.25330058569444347
Te-Cl-Bi,0.03351869499999793
Te-Cl-Ce,0.40402458277776176
Te-Cl-Co,0.10433755333334815
Te-Cl-Cr,0.014610358587965777
Te-Cl-Fe,0.16101040750001872
Te-Cl-Ga,0.31075170333333446
Te-Cl-Gd,0.04900660944444013
Te-Cl-In,0.146865400833331
Te-Cl-Ir,0.04535288697916684
Te-Cl-La,0.17350361652781032
Te-Cl-Lu,0.0
Te-Cl-Nd,0.8114308327777735
Te-Cl-Rh,0.029209581666659545
Te-Cl-Ru,0.2614022797222262
Te-Cl-Sc,0.11226081333333937
Te-Cl-Sm,0.0
Te-Cl-Y,0.021758991111102688
Te-CN-Al,1.2172327993750027
Te-CN-Bi,0.5627260206249929
Te-CN-Ce,0.4959731512499985
Te-CN-Co,0.634618256875001
Te-CN-Cr,0.9532190590625014
Te-CN-Fe,0.658363886250001
Te-CN-Ga,0.8678375286249995
Te-CN-Gd,0.5225257287500007
Te-CN-In,0.6895041141447393
Te-CN-Ir,0.7216479089583316
Te-CN-La,0.535879047374987
Te-CN-Lu,0.7029553256250054
Te-CN-Nd,0.5262381138749888
Te-CN-Rh,0.5806987334375009
Te-CN-Ru,0.8233435437499992
Te-CN-Sc,0.743617643124999
Te-CN-Sm,0.5966801625781244
Te-CN-Y,0.5510049856249957
Te-F-Al,0.8342881266944424
Te-F-Bi,0.15331327055556443
Te-F-Ce,0.19142863129628296
Te-F-Co,0.40618157583334735
Te-F-Cr,0.29333898006944636
Te-F-Fe,0.3388006441666782
Te-F-Ga,0.6208747229629559
Te-F-Gd,1.6504127961111053
Te-F-In,0.41202091396295515
Te-F-Ir,0.4103185527083397
Te-F-La,0.4390689070833602
Te-F-Lu,0.1758378766666553
Te-F-Nd,0.48986454259258494
Te-F-Rh,0.13197440343749278
Te-F-Ru,0.4737233312500031
Te-F-Sc,0.4153631400000073
Te-F-Sm,0.41084749638891793
Te-F-Y,0.2697097870370264
Te-I-Al,0.09003691763887645
Te-I-Bi,0.029045506666669496
Te-I-Ce,0.3839619711110984
Te-I-Co,0.05331639166666591
Te-I-Cr,0.0
Te-I-Fe,0.24054199749999938
Te-I-Ga,0.16924368272727008
Te-I-Gd,0.0
Te-I-In,0.09126425333333543
Te-I-Ir,0.010607090625001092
Te-I-La,0.07873698486114478
Te-I-Lu,0.0
Te-I-Nd,0.06500651500000032
Te-I-Rh,0.0
Te-I-Ru,0.21071998916666246
Te-I-Sc,0.0
Te-I-Sm,0.0
Te-I-Y,0.0
Te-NC-Al,1.1855647418750017
Te-NC-Bi,0.5637700156249963
Te-NC-Ce,0.8021579762500011
Te-NC-Co,0.651330729375001
Te-NC-Cr,0.5239885240625028
Te-NC-Fe,0.6538493762500011
Te-NC-Ga,0.9412653461250002
Te-NC-Gd,0.4764750712500003
Te-NC-In,0.6555934091447391
Te-NC-Ir,0.7997416564583304
Te-NC-La,0.489612114874987
Te-NC-Lu,0.6153796631250046
Te-NC-Nd,0.480853636374988
Te-NCO-Al,0.939997296166668
Te-NCO-Bi,0.18081796024998198
Te-NCO-Ce,0.6877353880000037
Te-NCO-Co,0.28947885299999854
Te-NCO-Cr,0.3947159970333409
Te-NCO-Fe,0.2829759289999991
Te-NCO-Ga,0.5395601138333319
Te-NCO-Gd,0.9323847997500074
Te-NCO-In,0.368662998749997
Te-NCO-Ir,0.3045971586666738
Te-NCO-La,0.5273837725000057
Te-NCO-Lu,0.6545263951666627
Te-NCO-Nd,0.5612803612500272
Te-NCO-Rh,0.1781001902499959
Te-NCO-Ru,0.3793939404999982
Te-NCO-Sc,0.5822519516666667
Te-NCO-Sm,0.5688859002500024
Te-NCO-Y,0.6058512372500076
Te-NC-Rh,0.6327220959375026
Te-NC-Ru,0.878683526249997
Te-NCS-Al,0.7355937175000005
Te-NCS-Bi,0.2670598181250021
Te-NC-Sc,0.7122229781249985
Te-NCS-Ce,0.3896845800000044
Te-NCS-Co,0.4296866729999955
Te-NCS-Cr,0.36179849370000383
Te-NCS-Fe,0.4211142280000004
Te-NCS-Ga,0.5741233538333326
Te-NCS-Gd,0.24387491450000098
Te-NCS-In,0.43586476641667105
Te-NCS-Ir,0.5210054236666934
Te-NCS-La,0.44021898133332726
Te-NCS-Lu,0.5088227280833202
Te-NC-Sm,0.549454432578127
Te-NCS-Nd,0.47271099100001734
Te-NCS-Rh,0.3940257280869126
Te-NCS-Ru,0.6480714287500007
Te-NCS-Sc,0.44338404016666644
Te-NCS-Sm,0.45979442941666804
Te-NCS-Y,0.4066842492777738
Te-NC-Y,0.4845797656249964
Te-NO-Al,1.5172478520833312
Te-NO-Bi,0.7623094268750137
Te-NO-Ce,0.8585160793750042
Te-NO-Co,0.7924142456250003
Te-NO-Cr,0.9696238781666722
Te-NO-Fe,0.7550837756250068
Te-NO-Ga,1.1177034566666642
Te-NO-Gd,0.6596092679687509
Te-NO-In,1.0057899453124968
Te-NO-Ir,0.8099075727083331
Te-NO-La,1.2623996450000092
Te-NO-Lu,1.3438067767708297
Te-NO-Nd,1.2229011752083245
Te-NO-Rh,0.6377740499553539
Te-NO-Ru,0.7996719224999964
Te-NO-Sc,1.0064765539583291
Te-NO-Sm,1.277101024791655
Te-NO-Y,1.2412418653125066
Te-OCN-Al,1.1928640161666682
Te-OCN-Bi,0.39562682824998063
Te-OCN-Ce,0.6187332880000014
Te-OCN-Co,0.6007372089999983
Te-OCN-Cr,0.6817966830333368
Te-OCN-Fe,0.5999971530000003
Te-OCN-Ga,0.8224593258333339
Te-OCN-Gd,1.1731792057500066
Te-OCN-In,0.6310790687499974
Te-OCN-Ir,0.6353551226666703
Te-OCN-La,0.7289048625000056
Te-OCN-Lu,0.8974651231666648
Te-OCN-Nd,0.7576179212500271
Te-OCN-Rh,0.48802665624999975
Te-OCN-Ru,0.6837313504999969
Te-OCN-Sc,0.8566786316666644
Te-OCN-Sm,0.784131932250002
Te-OCN-Y,0.866423503250008
Te-SCN-Al,0.7268061514999999
Te-SCN-Bi,0.708291290125004
Te-SCN-Ce,0.7329619260000086
Te-SCN-Co,0.4344876009999936
Te-SCN-Cr,0.45777402970000125
Te-SCN-Fe,0.5395238800000008
Te-SCN-Ga,0.5702748518333323
Te-SCN-Gd,0.3929498625000001
Te-SCN-In,0.49791871241666996
Te-SCN-Ir,0.4520393736666932
Te-SCN-La,0.591561975333331
Te-SCN-Lu,0.6570745200833237
Te-SCN-Nd,0.9339196530000216
Te-SCN-Rh,0.40616380408691555
Te-SCN-Ru,0.6358050207500021
Te-SCN-Sc,0.6110559841666685
Te-SCN-Sm,0.6170388714166677
Te-SCN-Y,0.567549949277776
Te-SH-Al,0.4021542961111102
Te-SH-Bi,0.20580873453125292
Te-SH-Ce,0.6626377968749999
Te-SH-Co,0.2160716006249963
Te-SH-Cr,0.24452648650000697
Te-SH-Fe,0.3527693118750008
Te-SH-Ga,0.4099507741666635
Te-SH-Gd,0.1571839224999998
Te-SH-In,0.28638137489583215
Te-SH-Ir,0.257162711458335
Te-SH-La,0.41578892104167053
Te-SH-Lu,0.34888172958333996
Te-SH-Nd,0.4285879881249919
Te-SH-Rh,0.20305316448364152
Te-SH-Ru,0.4920554628124947
Te-SH-Sc,0.3392528520833302
Te-SH-Sm,0.4179825352083242
Te-SH-Y,0.3531883759722305
Cl-Br-Ba,0.15824902750001613
Cl-Br-Be,0.3078313666666741
Cl-Br-Ca,0.026281332500007082
Cl-Br-Cd,0.02154504000001012
Cl-Br-Co,0.1540927775000096
Cl-Br-Cu,0.11621404166666593
Cl-Br-Fe,0.2597322550000012
Cl-Br-Mg,0.025998088333340164
Cl-Br-Mn,0.6749720216666777
Cl-Br-Ni,0.026240481666674143
Cl-Br-Pb,0.06858787999998839
Cl-Br-Pd,0.08569653472223493
Cl-Br-Pt,0.3707872257407345
Cl-Br-Sr,0.08551236291667763
Cl-Br-Zn,0.08000755781250923
CN-Br-Ba,0.42495695656249666
CN-Br-Be,0.910226823124999
CN-Br-Ca,0.5002058821875011
CN-Br-Cd,0.48873989031250176
CN-Br-Co,0.5521837725000012
CN-Br-Cu,0.7248356737499986
CN-Br-Fe,0.6144117068749999
CN-Br-Mg,0.6081285103124987
CN-Br-Mn,0.510923285625001
CN-Br-Ni,0.5742698224999998
CN-Br-Pb,0.46265118812500106
CN-Br-Pd,0.7239531949999964
CN-Br-Pt,0.8393992038888918
CN-Br-Sr,0.4576050766666633
CN-Br-Zn,0.6228462749218764
CN-Cl-Ba,0.43424855593750067
CN-Cl-Be,0.8749425306249998
CN-Cl-Ca,0.5055868153124994
CN-Cl-Cd,0.47690396781250044
CN-Cl-Co,0.6430163343750017
CN-Cl-Cu,0.6997914874999989
CN-Cl-Fe,0.5759968031249993
CN-Cl-Mg,0.5924589240625
CN-Cl-Mn,0.430299609375
CN-Cl-Ni,0.54837926125
CN-Cl-Pb,0.4749007362499995
CN-Cl-Pd,0.6996449435416672
CN-Cl-Pt,0.8004615241666677
CN-Cl-Sr,0.5072010240625016
CN-Cl-Zn,0.5876395346875007
CN-F-Ba,0.4940075959375001
CN-F-Be,0.9974347506249996
CN-F-Ca,0.5940604978124995
CN-F-Cd,0.5184781015625006
CN-F-Co,0.6039687387499999
CN-F-Cu,0.7572055949999985
CN-F-Fe,0.6755408281249995
CN-F-Mg,0.6814123053125005
CN-F-Mn,0.7863764837500007
CN-F-Ni,0.5979910118750009
CN-F-Pb,0.5492829956249992
CN-F-Pd,0.7334371579687478
CN-F-Pt,0.8820804917187495
CN-F-Sr,0.5508460332291651
CN-F-Zn,0.6184272018750008
CN-I-Ba,0.4117210174999961
CN-I-Be,1.025013397968749
CN-I-Ca,0.5198223628124978
CN-I-Cd,0.5354152350347228
CN-I-Co,0.6964310481250031
CN-I-Cu,0.798885323124999
CN-I-Fe,0.6763723131250039
CN-I-Mg,0.6577080303124987
CN-I-Mn,0.5679622768750008
CN-I-Ni,0.6453692487500007
CN-I-Pb,0.4713208953125019
CN-I-Pd,0.7934437928124929
CN-I-Pt,0.917659441562499
CN-I-Sr,0.45200783760416385
CN-I-Zn,0.703365271874997
F-Br-Ba,0.3306894366666562
F-Br-Be,0.7285520333333402
F-Br-Ca,0.24400322916667427
F-Br-Cd,0.1706915883333444
F-Br-Co,0.13886166666667243
F-Br-Cu,0.26599470166667416
F-Br-Fe,0.25217307833334246
F-Br-Mg,0.28880007666667495
F-Br-Mn,0.8577040108333343
F-Br-Ni,0.22914964250000835
F-Br-Pb,0.16608860499998457
F-Br-Pd,0.15349172916667086
F-Br-Pt,0.5313069226851859
F-Br-Sr,0.28880599333332313
F-Br-Zn,0.2584370673958407
F-Cl-Ba,0.32767563666665467
F-Cl-Be,0.5528470300000032
F-Cl-Ca,0.1786217300000068
F-Cl-Cd,0.13101448833334217
F-Cl-Co,0.08004076916667202
F-Cl-Cu,0.22690126333333893
F-Cl-Fe,0.43833064999999927
F-Cl-Mg,0.19786969166666957
F-Cl-Mn,0.21882897916666622
F-Cl-Ni,0.14759100083333543
F-Cl-Pb,0.19884080999998588
F-Cl-Pd,0.14731948388888938
F-Cl-Pt,0.5460205430555582
F-Cl-Sr,0.29068664499999386
F-Cl-Zn,0.16476752375000636
I-Br-Ba,0.11799015958334991
I-Br-Be,0.3366911041666789
I-Br-Ca,0.021118145833341373
I-Br-Cd,0.03283207296297874
I-Br-Co,0.07681375583334926
I-Br-Cu,0.09913727666667782
I-Br-Fe,0.2859876183333476
I-Br-Mg,0.04007306000001165
I-Br-Mn,0.6849423583333518
I-Br-Ni,0.05205464500001611
I-Br-Pb,0.015893036250027137
I-Br-Pd,0.11176294041666424
I-Br-Pt,0.2922446789351838
I-Br-Sr,0.045381693750012886
I-Br-Zn,0.14085612406250902
I-Cl-Ba,0.1389345320833506
I-Cl-Be,0.42796292750001186
I-Cl-Ca,0.048325290000011734
I-Cl-Cd,0.05853622962964877
I-Cl-Co,0.14288866166668157
I-Cl-Cu,0.11874946166667755
I-Cl-Fe,0.3209783666666688
I-Cl-Mg,0.08559528166667718
I-Cl-Mn,0.7194766433333477
I-Cl-Ni,0.09173283333334581
I-Cl-Pb,0.03246223041669083
I-Cl-Pd,0.1448617518055677
I-Cl-Pt,0.3340024126388883
I-Cl-Sr,0.07678578750001464
I-Cl-Zn,0.1771731370833436
I-F-Ba,0.3208588766666516
I-F-Be,1.0026609508333468
I-F-Ca,0.28152920666667924
I-F-Cd,0.25617750462964395
I-F-Co,0.29131922083334416
I-F-Cu,0.32311518166667597
I-F-Fe,0.7111689000000148
I-F-Mg,0.46937857666668137
I-F-Mn,0.33127365250001617
I-F-Ni,0.3823240875000131
I-F-Pb,0.1405098962500233
I-F-Pd,0.31216816624999666
I-F-Pt,0.45019036958333203
I-F-Sr,0.30411939666665333
I-F-Zn,0.44707487333334583
NC-Br-Ba,0.37125050406249827
NC-Br-Be,0.8259593081249985
NC-Br-Ca,0.41427827468750067
NC-Br-Cd,0.4616327803124989
NC-Br-Co,0.5410298475000008
NC-Br-Cu,0.7439610162499992
NC-Br-Fe,0.5922085168750009
NC-Br-Mg,0.5120445103124993
NC-Br-Mn,0.4573695481250013
NC-Br-Ni,0.5355459475000011
NC-Br-Pb,0.4550281006250003
NC-Br-Pd,0.7587834749999978
NC-Br-Pt,1.0164138913888898
NC-Br-Sr,0.38517134416666465
NC-Br-Zn,0.5875271824218764
NC-Cl-Ba,0.37623212593749855
NC-Cl-Be,0.7611024081249997
NC-Cl-Ca,0.576322167812501
NC-Cl-Cd,0.44589704281250064
NC-Cl-Co,0.5179763268750008
NC-Cl-Cu,0.7296656049999992
NC-Cl-Fe,0.7102132256249991
NC-Cl-Mg,0.47778949656249914
NC-Cl-Mn,0.4784282118750003
NC-Cl-Ni,0.5009639937500001
NC-Cl-Pb,0.4649236412499995
NC-Cl-Pd,0.7473065060416673
NC-Cl-Pt,1.0192218166666684
NC-Cl-Sr,0.43055015656250184
NC-Cl-Zn,0.5418631121874995
NC-CN-Ba,0.5456729834999976
NC-CN-Be,1.1126641729999962
NC-CN-Ca,0.7142861705000012
NC-CN-Cd,0.7231842225000005
NC-CN-Co,0.9095498509999995
NC-CN-Cu,1.0524794919999998
NC-CN-Fe,0.8784382990000008
NC-CN-Mg,0.8365425084999991
NC-CN-Mn,0.9104582130000001
NC-CN-Ni,0.8186601020000008
NC-CN-Pb,0.7410943069999938
NC-CN-Pd,1.0516818359999949
NC-CN-Pt,1.1765937609999924
NC-CN-Sr,0.6339487891666682
NC-CN-Zn,0.8544324109999994
NC-F-Ba,0.44033131843750084
NC-F-Be,0.8185956956249996
NC-F-Ca,0.48062165031250004
NC-F-Cd,0.4910259715625003
NC-F-Co,0.5555616937500005
NC-F-Cu,0.7716399849999984
NC-F-Fe,0.8111531331249981
NC-F-Mg,0.5365923028124993
NC-F-Mn,0.7833507037500009
NC-F-Ni,0.5362609193750014
NC-F-Pb,0.5271381006249989
NC-F-Pd,0.7989884054687479
NC-F-Pt,1.2028669467187498
NC-F-Sr,0.45493685072916534
NC-F-Zn,0.5643827268750012
NC-I-Ba,0.36251902749999587
NC-I-Be,0.9861856704687497
NC-I-Ca,0.4495859903124959
NC-I-Cd,0.5065350525347228
NC-I-Co,0.6824164956250023
NC-I-Cu,0.7812618081249987
NC-I-Fe,0.8504200356250031
NC-I-Mg,0.5846909803124998
NC-I-Mn,0.5084862118750024
NC-I-Ni,0.6105932537500003
NC-I-Pb,0.46374632281249717
NC-I-Pd,0.8185024928124953
NC-I-Pt,1.0316756365625004
NC-I-Sr,0.3868074176041638
NC-I-Zn,0.6855648018749996
NCO-Br-Ba,0.24118018674999675
NCO-Br-Be,0.5670681112499949
NCO-Br-Ca,0.20074340141666625
NCO-Br-Cd,0.16472572924999973
NCO-Br-Co,0.19765615916666768
NCO-Br-Cu,0.2597644285000005
NCO-Br-Fe,0.2228402169999999
NCO-Br-Mg,0.2541540823749955
NCO-Br-Mn,0.24696310631249752
NCO-Br-Ni,0.19968472662499615
NCO-Br-Pb,0.20043751556250555
NCO-Br-Pd,0.2776903614999995
NCO-Br-Pt,0.5220050766111086
NCO-Br-Sr,0.2231092019444425
NCO-Br-Zn,0.23533073981249508
NCO-Cl-Ba,0.24360216424999948
NCO-Cl-Be,0.4412111482500034
NCO-Cl-Ca,0.19785919991666567
NCO-Cl-Cd,0.15079327124999864
NCO-Cl-Co,0.17466858666666774
NCO-Cl-Cu,0.24382433150000082
NCO-Cl-Fe,0.20142074950001287
NCO-Cl-Mg,0.21119021537499627
NCO-Cl-Mn,0.22823861354167185
NCO-Cl-Ni,0.1563632156249959
NCO-Cl-Pb,0.20856616743750322
NCO-Cl-Pd,0.25482722233333277
NCO-Cl-Pt,0.5083849008333381
NCO-Cl-Sr,0.23838946875000744
NCO-Cl-Zn,0.19341769162499745
NCO-CN-Ba,0.41115162750000245
NCO-CN-Be,0.9580299008333366
NCO-CN-Ca,0.4814741551388906
NCO-CN-Cd,0.4215755812500035
NCO-CN-Co,0.5886268675000004
NCO-CN-Cu,0.5915172779166671
NCO-CN-Fe,0.5241691615277801
NCO-CN-Mg,0.5804298991666688
NCO-CN-Mn,0.5932386360416668
NCO-CN-Ni,0.4734338408333336
NCO-CN-Pb,0.4542097234722249
NCO-CN-Pd,0.606650281250003
NCO-CN-Pt,0.7065775370833371
NCO-CN-Sr,0.45472691814815036
NCO-CN-Zn,0.5361557175000033
NCO-F-Ba,0.26118861024999696
NCO-F-Be,0.48869373225000245
NCO-F-Ca,0.23017880191666684
NCO-F-Cd,0.1803271402499984
NCO-F-Co,0.18519585816666684
NCO-F-Cu,0.25971871350000164
NCO-F-Fe,0.22654823200000251
NCO-F-Mg,0.24333668837499545
NCO-F-Mn,0.3236084810416706
NCO-F-Ni,0.17877657812499415
NCO-F-Pb,0.22264522966666433
NCO-F-Pd,0.5654695058750008
NCO-F-Pt,0.6048220508749971
NCO-F-Sr,0.2536079771944433
NCO-F-Zn,0.20217109737499506
NCO-I-Ba,0.23682142749999713
NCO-I-Be,0.853532029500002
NCO-I-Ca,0.2388067579166666
NCO-I-Cd,0.21148299302777573
NCO-I-Co,0.2971808739999986
NCO-I-Cu,0.31257395600001203
NCO-I-Fe,0.37376796300000237
NCO-I-Mg,0.3461245123749954
NCO-I-Mn,0.297753839541663
NCO-I-Ni,0.2694962516249966
NCO-I-Pb,0.19884658531245591
NCO-I-Pd,0.3383795777500005
NCO-I-Pt,0.5032367487500018
NCO-I-Sr,0.23149266669443946
NCO-I-Zn,0.3324688153749946
NCO-NC-Ba,0.36535695416666947
NCO-NC-Be,0.8621474591666693
NCO-NC-Ca,0.40856616847222327
NCO-NC-Cd,0.399896316250004
NCO-NC-Co,0.5214846658333343
NCO-NC-Cu,0.6064717845833343
NCO-NC-Fe,0.5036246281944461
NCO-NC-Mg,0.4876757858333356
NCO-NC-Mn,0.5127991277083339
NCO-NC-Ni,0.43652725416666804
NCO-NC-Pb,0.44588046013889127
NCO-NC-Pd,0.6559894045833357
NCO-NC-Pt,0.8757233404166698
NCO-NC-Sr,0.39280198148148493
NCO-NC-Zn,0.49859507416666915
NCS-Br-Ba,0.2193986055000181
NCS-Br-Be,0.4640732814453141
NCS-Br-Ca,0.1764477459453122
NCS-Br-Cd,0.27135645719531354
NCS-Br-Co,0.33722507349999375
NCS-Br-Cu,0.37316992611198074
NCS-Br-Fe,0.3766504345000037
NCS-Br-Mg,0.19182571975000684
NCS-Br-Mn,0.26962147194531205
NCS-Br-Ni,0.3102834800000007
NCS-Br-Pb,0.23494880444530963
NCS-Br-Pd,0.4294434539999905
NCS-Br-Pt,0.7077358644444445
NCS-Br-Sr,0.18841088319531352
NCS-Br-Zn,0.343439131382814
NCS-Cl-Ba,0.2227678490000109
NCS-Cl-Be,0.44173275944531554
NCS-Cl-Ca,0.17382259044531345
NCS-Cl-Cd,0.25736443919531204
NCS-Cl-Co,0.328227134999997
NCS-Cl-Cu,0.35511405511197935
NCS-Cl-Fe,0.3480606614999875
NCS-Cl-Mg,0.1699337167500019
NCS-Cl-Mn,0.26499682494531207
NCS-Cl-Ni,0.28880580899999586
NCS-Cl-Pb,0.24211916094531105
NCS-Cl-Pd,0.41632268283332685
NCS-Cl-Pt,0.698826549833317
NCS-Cl-Sr,0.19409840944531354
NCS-Cl-Zn,0.3150195631953139
NCS-CN-Ba,0.46355945916667096
NCS-CN-Be,0.8335199724999995
NCS-CN-Ca,0.5190963741666668
NCS-CN-Cd,0.6331258637500028
NCS-CN-Co,0.7191513642361009
NCS-CN-Cu,0.7463881752777777
NCS-CN-Fe,0.7845726283333345
NCS-CN-Mg,0.5332344291666686
NCS-CN-Mn,0.6669029716666692
NCS-CN-Ni,0.623333587638891
NCS-CN-Pb,0.5976697708333383
NCS-CN-Pd,0.8191266722916684
NCS-CN-Pt,0.9620044791666729
NCS-CN-Sr,0.4976004241666683
NCS-CN-Zn,0.7206999000000014
NCS-F-Ba,0.259164309000008
NCS-F-Be,0.6108115814453132
NCS-F-Ca,0.22542842444531175
NCS-F-Cd,0.30326440619531425
NCS-F-Co,0.38692344249999877
NCS-F-Cu,0.3980341271119787
NCS-F-Fe,0.43175600949999904
NCS-F-Mg,0.25308907774999945
NCS-F-Mn,0.35260412244531203
NCS-F-Ni,0.3472913714999972
NCS-F-Pb,0.2882169804453163
NCS-F-Pd,0.5504697231250066
NCS-F-Pt,0.8779067013750002
NCS-F-Sr,0.23128434844531398
NCS-F-Zn,0.3667245929453138
NCS-I-Ba,0.21312324825001738
NCS-I-Be,0.6094025674999966
NCS-I-Ca,0.207180516445316
NCS-I-Cd,0.31207451697309097
NCS-I-Co,0.44895403799998235
NCS-I-Cu,0.41872422683333
NCS-I-Fe,0.5715586195000029
NCS-I-Mg,0.2560037937499988
NCS-I-Mn,0.3048502209453119
NCS-I-Ni,0.3702931589999814
NCS-I-Pb,0.24651738419531455
NCS-I-Pd,0.49030532424997375
NCS-I-Pt,0.7835254092500179
NCS-I-Sr,0.19396172794530742
NCS-I-Zn,0.4221841029453124
NCS-NC-Ba,0.4205259508333352
NCS-NC-Be,0.7604091141666665
NCS-NC-Ca,0.4492860625000006
NCS-NC-Cd,0.614635480416668
NCS-NC-Co,0.6468301909027669
NCS-NC-Cu,0.7533722436111105
NCS-NC-Fe,0.7487294616666667
NCS-NC-Mg,0.4529693158333341
NCS-NC-Mn,0.60745088
NCS-NC-Ni,0.5904679626388898
NCS-NCO-Ba,0.2714728904464181
NCS-NCO-Be,0.630235499207588
NCS-NCO-Ca,0.24698819535714378
NCS-NCO-Cd,0.3056853305691991
NCS-NCO-Co,0.3596115426190476
NCS-NCO-Cu,0.4002153141666671
NCS-NCO-Fe,0.35994157662087467
NCS-NCO-Mg,0.26102003349330616
NCS-NCO-Mn,0.31427265056919573
NCS-NCO-Ni,0.3142869679762015
NCS-NCO-Pb,0.3190754382142913
NCS-NCO-Pd,0.4932769473214247
NCS-NCO-Pt,0.7016646103571382
NCS-NCO-Sr,0.2611567878311014
NCS-NCO-Zn,0.354071449616816
NCS-NC-Pb,0.589671869166672
NCS-NC-Pd,0.8594848522916703
NCS-NC-Pt,1.105383127500005
NCS-NC-Sr,0.4387315325000003
NCS-NC-Zn,0.6890871000000001
NO-Br-Ba,0.6108304196874847
NO-Br-Be,1.3828613084374997
NO-Br-Ca,0.6326143540000029
NO-Br-Cd,0.6087042971874972
NO-Br-Co,0.7235456426562497
NO-Br-Cu,0.4570674656250002
NO-Br-Fe,0.7525789588541709
NO-Br-Mg,0.8119402084375
NO-Br-Mn,0.7810580646875014
NO-Br-Ni,0.48434710862500374
NO-Br-Pb,0.6214152884374862
NO-Br-Pd,0.3428676723958368
NO-Br-Pt,0.6882870565972325
NO-Br-Sr,0.6261366100625008
NO-Br-Zn,0.7295620859374985
NO-Cl-Ba,0.5998265453333289
NO-Cl-Be,1.1715920537500004
NO-Cl-Ca,0.6454042075416648
NO-Cl-Cd,0.5928339131250002
NO-Cl-Co,0.6805880824999981
NO-Cl-Cu,0.39836920137500265
NO-Cl-Fe,0.715336821250002
NO-Cl-Mg,0.6856387709375005
NO-Cl-Mn,0.7342875034375016
NO-Cl-Ni,0.42213745737499764
NO-Cl-Pb,0.634345155562503
NO-Cl-Pd,0.2789213999479152
NO-Cl-Pt,0.48001114333334627
NO-Cl-Sr,0.6331021427708325
NO-Cl-Zn,0.6482314799999997
NO-CN-Ba,0.9905972904999985
NO-CN-Be,1.6760310344999994
NO-CN-Ca,1.131080403666667
NO-CN-Cd,1.0497338590000016
NO-CN-Co,0.9988403205000012
NO-CN-Cu,0.9605794590000016
NO-CN-Fe,0.9739470773333334
NO-CN-Mg,1.2758420065000013
NO-CN-Mn,1.1093565747499987
NO-CN-Ni,0.8915399604999976
NO-CN-Pb,1.0363601716666615
NO-CN-Pd,0.8764068169999977
NO-CN-Pt,0.9298701299999941
NO-CN-Sr,1.0763880452777794
NO-CN-Zn,1.1613209164999976
NO-F-Ba,0.619573660124999
NO-F-Be,0.8740661546874993
NO-F-Ca,0.7146149196249976
NO-F-Cd,0.6339026830208301
NO-F-Co,0.6421411020833343
NO-F-Cu,0.330907571874997
NO-F-Fe,0.7022328887500073
NO-F-Mg,0.7598581721874993
NO-F-Mn,0.8522369478125
NO-F-Ni,0.45883953799999766
NO-F-Pb,0.6659283298125018
NO-F-Pd,0.20974038666667205
NO-F-Pt,0.3739438184374997
NO-F-Sr,0.6817033538124981
NO-F-Zn,0.6241344746875015
NO-I-Ba,0.6119529430624766
NO-I-Be,1.71418429625
NO-I-Ca,0.7267060962500018
NO-I-Cd,0.6969648003935198
NO-I-Co,0.8886407518750019
NO-I-Cu,0.668888871250001
NO-I-Fe,0.9141865331250045
NO-I-Mg,1.0788167562499993
NO-I-Mn,0.9415760548958403
NO-I-Ni,0.7217387312499959
NO-I-Pb,0.6352526208854172
NO-I-Pd,0.5114686891666693
NO-I-Pt,0.7194124112500084
NO-I-Sr,0.6174896553124825
NO-I-Zn,0.9603618562499996
NO-NC-Ba,0.947139124499996
NO-NC-Be,1.5376992424999996
NO-NC-Ca,1.0530171556666676
NO-NC-Cd,1.0461026270000016
NO-NC-Co,1.0220218464999995
NO-NC-Cu,0.9598096910000002
NO-NC-Fe,0.9892005113333333
NO-NC-Mg,1.176226584500002
NO-NC-Mn,1.0979872007499996
NO-NC-Ni,0.8785351604999967
NO-NCO-Ba,0.7414969150000026
NO-NCO-Be,0.9729433300000014
NO-NCO-Ca,0.7541225544444448
NO-NCO-Cd,0.6891327766666695
NO-NCO-Co,0.605124839027777
NO-NCO-Cu,0.512315100416668
NO-NCO-Fe,0.569698017916668
NO-NCO-Mg,0.8005938935416683
NO-NCO-Mn,0.7026108188194478
NO-NCO-Ni,0.520316193958335
NO-NCO-Pb,0.6974291073611134
NO-NCO-Pd,0.5079520087500011
NO-NCO-Pt,0.5997625629166734
NO-NCO-Sr,0.7654928432407413
NO-NCO-Zn,0.7045329152083344
NO-NC-Pb,1.0357247936666631
NO-NC-Pd,0.9446815749999988
NO-NC-Pt,1.0600610379999935
NO-NCS-Ba,0.74892484677083
NO-NCS-Be,1.1977830969921852
NO-NCS-Ca,0.7569939308333318
NO-NCS-Cd,0.8253293485807305
NO-NCS-Co,0.7770714859722254
NO-NCS-Cu,0.7070021677777802
NO-NCS-Fe,0.7756067806410183
NO-NCS-Mg,0.7891666353255182
NO-NCS-Mn,0.8045571502473976
NO-NCS-Ni,0.690540843888888
NO-NCS-Pb,0.7863852158333344
NO-NCS-Pd,0.7463928997916671
NO-NCS-Pt,0.8737587483333336
NO-NC-Sr,1.012753411277778
NO-NCS-Sr,0.761961540386288
NO-NCS-Zn,0.8588103208029523
NO-NC-Zn,1.126184466499998
OCN-Br-Ba,0.39149444074999806
OCN-Br-Be,0.8736317272499949
OCN-Br-Ca,0.43185576741666765
OCN-Br-Cd,0.46260587524999863
OCN-Br-Co,0.5681199511666666
OCN-Br-Cu,0.5319377905000007
OCN-Br-Fe,0.5300137830000011
OCN-Br-Mg,0.5174233723749957
OCN-Br-Mn,0.5203152783124967
OCN-Br-Ni,0.5132856326249957
OCN-Br-Pb,0.42657997956250426
OCN-Br-Pd,0.6517351274999985
OCN-Br-Pt,0.8446755166111082
OCN-Br-Sr,0.41824491194444136
OCN-Br-Zn,0.5544410558124948
OCN-Cl-Ba,0.39805689424999713
OCN-Cl-Be,0.7365241982500024
OCN-Cl-Ca,0.4241442079166653
OCN-Cl-Cd,0.44729862524999753
OCN-Cl-Co,0.4642531966666681
OCN-Cl-Cu,0.49906559150000085
OCN-Cl-Fe,0.5112715275000124
OCN-Cl-Mg,0.48914880737499544
OCN-Cl-Mn,0.506907091541672
OCN-Cl-Ni,0.4734708676249948
OCN-Cl-Pb,0.4388721534375044
OCN-Cl-Pd,0.657111410333334
OCN-Cl-Pt,0.8594443928333355
OCN-Cl-Sr,0.4356087567500069
OCN-Cl-Zn,0.49898583362499593
OCN-CN-Ba,0.5352064775000027
OCN-CN-Be,1.206810514166671
OCN-CN-Ca,0.6727706934722235
OCN-CN-Cd,0.663995351250005
OCN-CN-Co,0.7912037524999995
OCN-CN-Cu,0.8126349662500019
OCN-CN-Fe,0.7869443415277804
OCN-CN-Mg,0.8067780091666688
OCN-CN-Mn,0.7196430310416666
OCN-CN-Ni,0.7280407175000008
OCN-CN-Pb,0.661944051805559
OCN-CN-Pd,0.8621737445833357
OCN-CN-Pt,0.9872373470833367
OCN-CN-Sr,0.618932086481486
OCN-CN-Zn,0.789261737500004
OCN-F-Ba,0.4455699122499972
OCN-F-Be,0.7417523022500028
OCN-F-Ca,0.4569502679166675
OCN-F-Cd,0.47633440624999857
OCN-F-Co,0.47710069816666767
OCN-F-Cu,0.5218064515000016
OCN-F-Fe,0.5294535500000013
OCN-F-Mg,0.4947873323749956
OCN-F-Mn,0.5056566330416707
OCN-F-Ni,0.4786555541249946
OCN-F-Pb,0.46370784366666484
OCN-F-Pd,0.6124511238749992
OCN-F-Pt,0.9851334208749982
OCN-F-Sr,0.46626468919444264
OCN-F-Zn,0.5081669833749967
OCN-I-Ba,0.3849161214999981
OCN-I-Be,1.155498693500002
OCN-I-Ca,0.449621189916666
OCN-I-Cd,0.49002276702777436
OCN-I-Co,0.6513697519999972
OCN-I-Cu,0.5882472980000095
OCN-I-Fe,0.6090915110000026
OCN-I-Mg,0.6003581803749967
OCN-I-Mn,0.5491166235416607
OCN-I-Ni,0.5767515936249961
OCN-I-Pb,0.4026216133124585
OCN-I-Pd,0.6221854097500028
OCN-I-Pt,0.7758223807500002
OCN-I-Sr,0.41673936869444006
OCN-I-Zn,0.6299924033749971
OCN-NC-Ba,0.49347609083333666
OCN-NC-Be,1.1003229891666688
OCN-NC-Ca,0.6020802768055571
OCN-NC-Cd,0.6479674579166712
OCN-NC-Co,0.8392932658333336
OCN-NC-Cu,0.8199674262500007
OCN-NC-Fe,0.7414792715277798
OCN-NC-Mg,0.7120131575000013
OCN-NC-Mn,1.0614004577083325
OCN-NC-Ni,0.6903866625000017
OCN-NCO-Ba,0.38856296321429085
OCN-NCO-Be,0.6728854946428573
OCN-NCO-Ca,0.4099512841666684
OCN-NCO-Cd,0.4011500646428612
OCN-NCO-Co,0.5023871109523785
OCN-NCO-Cu,0.45267019214285753
OCN-NCO-Fe,0.4295363171428548
OCN-NCO-Mg,0.45614293767857284
OCN-NCO-Mn,0.44234146220238024
OCN-NCO-Ni,0.4107493394642905
OCN-NCO-Pb,0.41907829666666885
OCN-NCO-Pd,0.5307358907142845
OCN-NCO-Pt,0.7538212842857206
OCN-NCO-Sr,0.41441256313492403
OCN-NCO-Zn,0.44817929196428885
OCN-NC-Pb,0.6485680218055592
OCN-NC-Pd,0.9074801545833342
OCN-NC-Pt,1.1557127504166722
OCN-NCS-Ba,0.3945771661607047
OCN-NCS-Be,0.8322301392075886
OCN-NCS-Ca,0.40998113678571535
OCN-NCS-Cd,0.5130885048549132
OCN-NCS-Co,0.6168761054761909
OCN-NCS-Cu,0.5837245584523814
OCN-NCS-Fe,0.5438537709065905
OCN-NCS-Mg,0.4477547434933058
OCN-NCS-Mn,0.4715886291406246
OCN-NCS-Ni,0.5260097736904861
OCN-NCS-Pb,0.4934736367857191
OCN-NCS-Pd,0.7118555501785675
OCN-NCS-Pt,0.9381668074999965
OCN-NC-Sr,0.563191646481485
OCN-NCS-Sr,0.4082832121168156
OCN-NCS-Zn,0.5660694167596727
OCN-NC-Zn,0.754912132500003
OCN-NO-Ba,0.8688061600000019
OCN-NO-Be,1.1863400816666685
OCN-NO-Ca,0.9453599127777785
OCN-NO-Cd,0.9340921583333373
OCN-NO-Co,0.8713736323611112
OCN-NO-Cu,0.7420528204166672
OCN-NO-Fe,0.7976345129166678
OCN-NO-Mg,1.0256648802083337
OCN-NO-Mn,0.8403853271527808
OCN-NO-Ni,0.7762041439583349
OCN-NO-Pb,0.9007219190277809
OCN-NO-Pd,0.7639489970833342
OCN-NO-Pt,0.896425716250004
OCN-NO-Sr,0.9400725365740765
OCN-NO-Zn,0.9547506702083339
OH-Br-Ba,0.18686377124999254
OH-Br-Be,0.5988276684375009
OH-Br-Ca,0.082096456875
OH-Br-Cd,0.11582454812499954
OH-Br-Co,0.18485976083332645
OH-Br-Cu,0.20620147989583337
OH-Br-Fe,0.22469154570312
OH-Br-Mg,0.14783548249999967
OH-Br-Mn,0.17402851000000297
OH-Br-Ni,0.10994937989583065
OH-Br-Pb,0.17104401125000024
OH-Br-Pd,0.24358505177083423
OH-Br-Pt,0.5607791605034649
OH-Br-Sr,0.15874820749999508
OH-Br-Zn,0.17260050179687525
OH-Cl-Ba,0.16775206812500443
OH-Cl-Be,0.42976029875000066
OH-Cl-Ca,0.13257651124999548
OH-Cl-Cd,0.09942832125000045
OH-Cl-Co,0.14347328833333073
OH-Cl-Cu,0.18394887864583254
OH-Cl-Fe,0.183004941250001
OH-Cl-Mg,0.09082428843749657
OH-Cl-Mn,0.18262255179686804
OH-Cl-Ni,0.058413105416665445
OH-Cl-Pb,0.17422068124999868
OH-Cl-Pd,0.21641571531250037
OH-Cl-Pt,0.5641683757812466
OH-Cl-Sr,0.14745746249999492
OH-Cl-Zn,0.10308270656250151
OH-CN-Ba,0.40181582249998904
OH-CN-Be,0.9848501765000037
OH-CN-Ca,0.470910353374995
OH-CN-Cd,0.4324172710833327
OH-CN-Co,0.5656682464999996
OH-CN-Cu,0.6540675802608682
OH-CN-Fe,0.5607271473333331
OH-CN-Mg,0.575129236500004
OH-CN-Mn,0.5570032387499992
OH-CN-Ni,0.48812047250000035
OH-CN-Pb,0.4831173796666661
OH-CN-Pd,0.7195188921428564
OH-CN-Pt,0.8378469871428571
OH-CN-Sr,0.4403538535833249
OH-CN-Zn,0.551828362500002
OH-F-Ba,0.1508091039062478
OH-F-Be,0.28513971739583166
OH-F-Ca,0.10600694000000033
OH-F-Cd,0.091970601249999
OH-F-Co,0.13049629150000008
OH-F-Cu,0.18147886364583243
OH-F-Fe,0.19669248017046037
OH-F-Mg,0.08422678750000046
OH-F-Mn,0.18032306768229134
OH-F-Ni,0.04726844177083045
OH-F-Pb,0.15729525614577966
OH-F-Pd,0.39139642520833284
OH-F-Pt,0.6607807982812552
OH-F-Sr,0.1299724890624976
OH-F-Zn,0.09272974875000095
OH-I-Ba,0.21105389500002047
OH-I-Be,1.0074917662499985
OH-I-Ca,0.13997824749999488
OH-I-Cd,0.15143094472221819
OH-I-Co,0.4039436668750014
OH-I-Cu,0.2572652223958318
OH-I-Fe,0.5154101481250066
OH-I-Mg,0.31564492124999965
OH-I-Mn,0.27967984239584
OH-I-Ni,0.22863326614583457
OH-I-Pb,0.16155407812500044
OH-I-Pd,0.3741569220833334
OH-I-Pt,0.529906005677077
OH-I-Sr,0.19158587874999355
OH-I-Zn,0.31413151374999515
OH-NC-Ba,0.34365646449998977
OH-NC-Be,0.8556876645000031
OH-NC-Ca,0.38361795137499577
OH-NC-Cd,0.4100009970833334
OH-NC-Co,0.5339767524999992
OH-NC-Cu,0.6641431462608693
OH-NC-Fe,0.5266750473333328
OH-NC-Mg,0.4578044985000034
OH-NC-Mn,0.4959390067499996
OH-NC-Ni,0.43921596650000083
OH-NCO-Ba,0.2622337116666671
OH-NCO-Be,0.4232691009523819
OH-NCO-Ca,0.20300162944444367
OH-NCO-Cd,0.1649831033333342
OH-NCO-Co,0.21331777650463657
OH-NCO-Cu,0.26951071514492675
OH-NCO-Fe,0.18810999406250772
OH-NCO-Mg,0.20544512020833317
OH-NCO-Mn,0.20069358048611008
OH-NCO-Ni,0.15753456729166793
OH-NCO-Pb,0.23334614902777773
OH-NCO-Pd,0.35678038922743127
OH-NCO-Pt,0.5940460783940971
OH-NCO-Sr,0.24278022157407264
OH-NCO-Zn,0.19448295687500305
OH-NC-Pb,0.47647175766666905
OH-NC-Pd,0.771452424142856
OH-NC-Pt,1.0457938431428566
OH-NCS-Ba,0.2826899567708203
OH-NCS-Be,0.6449999353255214
OH-NCS-Ca,0.22393525916666768
OH-NCS-Cd,0.33151559768717753
OH-NCS-Co,0.4400715950595231
OH-NCS-Cu,0.43542490873016604
OH-NCS-Fe,0.3494619572395816
OH-NCS-Mg,0.2244862669921872
OH-NCS-Mn,0.2772074052473972
OH-NCS-Ni,0.31953703055557625
OH-NCS-Pb,0.33401077921874744
OH-NCS-Pd,0.5806517757440446
OH-NCS-Pt,0.8342260859523769
OH-NC-Sr,0.36247630558332666
OH-NCS-Sr,0.2517515337196201
OH-NCS-Zn,0.3747196010899536
OH-NC-Zn,0.5057673865000023
OH-NO-Ba,0.4551024212250052
OH-NO-Be,0.7343254923833316
OH-NO-Ca,0.5114070857000037
OH-NO-Cd,0.4936399259999966
OH-NO-Co,0.612486024999999
OH-NO-Cu,0.28927797116666554
OH-NO-Fe,0.5715656671666647
OH-NO-Mg,0.5850282475999995
OH-NO-Mn,0.6296582432916651
OH-NO-Ni,0.283260550816669
OH-NO-Pb,0.5258374620595241
OH-NO-Pd,0.28199598216666644
OH-NO-Pt,0.451541375916662
OH-NO-Sr,0.7066623383000046
OH-NO-Zn,0.5052329798000006
OH-OCN-Ba,0.4088621633333336
OH-OCN-Be,0.6273822676190486
OH-OCN-Ca,0.3952242044444425
OH-OCN-Cd,0.40809877666666594
OH-OCN-Co,0.5239222015046359
OH-OCN-Cu,0.4803769551449246
OH-OCN-Fe,0.4273309490625081
OH-OCN-Mg,0.40878741687500053
OH-OCN-Mn,0.44820192548611004
OH-OCN-Ni,0.40051641562500073
OH-OCN-Pb,0.43408823736110946
OH-OCN-Pd,0.6109962058940983
OH-OCN-Pt,0.9144226667274324
OH-OCN-Sr,0.4152865349074073
OH-OCN-Zn,0.4363765268750015
OH-SCN-Ba,0.47009240677082076
OH-SCN-Be,0.8228026603255207
OH-SCN-Ca,0.45900029583333435
OH-SCN-Cd,0.492696012687178
OH-SCN-Co,0.5378180800595231
OH-SCN-Cu,0.5503255270634995
OH-SCN-Fe,0.5543165039062483
OH-SCN-Mg,0.4845029503255214
OH-SCN-Mn,0.46154939191406363
OH-SCN-Ni,0.4590160788889097
OH-SCN-Pb,0.46747654088541424
OH-SCN-Pd,0.6547883007440447
OH-SCN-Pt,0.788463449285711
OH-SCN-Sr,0.46710817038628605
OH-SCN-Zn,0.5475136710899537
OH-SH-Ba,0.32246325562500466
OH-SH-Be,0.7244017278906263
OH-SH-Ca,0.29597216650000124
OH-SH-Cd,0.3195704571250033
OH-SH-Co,0.3558412042307708
OH-SH-Cu,0.4044689311666687
OH-SH-Fe,0.3636210044705859
OH-SH-Mg,0.3206345258906236
OH-SH-Mn,0.5820792631770821
OH-SH-Ni,0.26068818431578755
OH-SH-Pb,0.3210690425000031
OH-SH-Pd,0.5274833635833343
OH-SH-Pt,0.6676172658333357
OH-SH-Sr,0.3115390957500015
OH-SH-Zn,0.38454483680000173
SCN-Br-Ba,0.37365829550001806
SCN-Br-Be,0.5542438014453133
SCN-Br-Ca,0.37844295794531213
SCN-Br-Cd,0.3830505711953123
SCN-Br-Co,0.42951964749999405
SCN-Br-Cu,0.4385745421119811
SCN-Br-Fe,0.49542297450000383
SCN-Br-Mg,0.3780565277500063
SCN-Br-Mn,0.6979551679453131
SCN-Br-Ni,0.37888555999999873
SCN-Br-Pb,0.3752640064453132
SCN-Br-Pd,0.5000858399999917
SCN-Br-Pt,0.6580193284444462
SCN-Br-Sr,0.37108518719531247
SCN-Br-Zn,0.44369751738281415
SCN-Cl-Ba,0.3926144450000102
SCN-Cl-Be,0.5781982374453136
SCN-Cl-Ca,0.39497927044531345
SCN-Cl-Cd,0.40223643919531327
SCN-Cl-Co,0.4529215409999985
SCN-Cl-Cu,0.42748972111198036
SCN-Cl-Fe,0.48122224549998727
SCN-Cl-Mg,0.3974351067500024
SCN-Cl-Mn,0.6964142129453119
SCN-Cl-Ni,0.39302979699999696
SCN-Cl-Pb,0.3876717189453096
SCN-Cl-Pd,0.5138519408333266
SCN-Cl-Pt,0.6865199878333144
SCN-Cl-Sr,0.392843481445313
SCN-Cl-Zn,0.45574063919531405
SCN-CN-Ba,0.619219762500002
SCN-CN-Be,0.9624120524999995
SCN-CN-Ca,0.7199889075000012
SCN-CN-Cd,0.7780990920833357
SCN-CN-Co,0.7807877092361011
SCN-CN-Cu,0.8492119702777785
SCN-CN-Fe,0.7978373133333339
SCN-CN-Mg,0.7504953925000013
SCN-CN-Mn,0.7554246583333359
SCN-CN-Ni,0.7358172359722239
SCN-CN-Pb,0.7262151325000055
SCN-CN-Pd,0.9135328672916696
SCN-CN-Pt,1.0197847591666722
SCN-CN-Sr,0.6755739058333337
SCN-CN-Zn,0.8656676033333337
SCN-F-Ba,0.47719881300000644
SCN-F-Be,0.873954811445314
SCN-F-Ca,0.5176177084453144
SCN-F-Cd,0.5130574121953124
SCN-F-Co,0.5903551384999979
SCN-F-Cu,0.5504587591119794
SCN-F-Fe,0.6643460994999977
SCN-F-Mg,0.5909662997499989
SCN-F-Mn,0.8218092504453125
SCN-F-Ni,0.5281078754999964
SCN-F-Pb,0.4417991484453161
SCN-F-Pd,0.6379708251250076
SCN-F-Pt,0.8059284993749998
SCN-F-Sr,0.49850394844531287
SCN-F-Zn,0.5931883849453126
SCN-I-Ba,0.3553999322500161
SCN-I-Be,0.6413479274999982
SCN-I-Ca,0.37210446844531475
SCN-I-Cd,0.379030546973091
SCN-I-Co,0.4260142999999843
SCN-I-Cu,0.4376224548333312
SCN-I-Fe,0.5249371115000052
SCN-I-Mg,0.3770471377499991
SCN-I-Mn,0.37917087094531254
SCN-I-Ni,0.38814916699998037
SCN-I-Pb,0.36962364419531824
SCN-I-Pd,0.5158265502499759
SCN-I-Pt,0.6895863532500108
SCN-I-Sr,0.35076870394530957
SCN-I-Zn,0.46697137494531304
SCN-NC-Ba,0.5810016358333367
SCN-NC-Be,0.9206426291666663
SCN-NC-Ca,0.6676273208333345
SCN-NC-Cd,0.7633971970833358
SCN-NC-Co,0.7828110825694345
SCN-NC-Cu,0.849380401944444
SCN-NC-Fe,0.7860064383333345
SCN-NC-Mg,0.6913288258333345
SCN-NC-Mn,0.9755326133333355
SCN-NC-Ni,0.72452556263889
SCN-NCO-Ba,0.4341915147321327
SCN-NCO-Be,0.7654598877790164
SCN-NCO-Ca,0.44937786678571356
SCN-NCO-Cd,0.44328928914062615
SCN-NCO-Co,0.47509190261904877
SCN-NCO-Cu,0.4941629484523826
SCN-NCO-Fe,0.4865728037637336
SCN-NCO-Mg,0.47431185206473536
SCN-NCO-Mn,0.43229630771205585
SCN-NCO-Ni,0.42889266083334476
SCN-NCO-Pb,0.4431879096428588
SCN-NCO-Pd,0.5925776658928523
SCN-NCO-Pt,0.7186909060714264
SCN-NCO-Sr,0.44544219783110073
SCN-NCO-Zn,0.49288987247395966
SCN-NC-Pb,0.7204985208333383
SCN-NC-Pd,0.9257451322916683
SCN-NC-Pt,1.0963812425000086
SCN-NCS-Ba,0.3857040471428519
SCN-NCS-Be,0.6108308606361614
SCN-NCS-Ca,0.4075046349218745
SCN-NCS-Cd,0.476434973136163
SCN-NCS-Co,0.5611779799999965
SCN-NCS-Cu,0.5216043215885424
SCN-NCS-Fe,0.5927780392857134
SCN-NCS-Mg,0.41719015821428407
SCN-NCS-Mn,0.643443932779018
SCN-NCS-Ni,0.4904435485714256
SCN-NCS-Pb,0.4419727792075925
SCN-NCS-Pd,0.6242291228571393
SCN-NCS-Pt,0.7969450978571331
SCN-NC-Sr,0.6338792841666674
SCN-NCS-Sr,0.3926833720647309
SCN-NCS-Zn,0.5381819056361596
SCN-NC-Zn,0.8467820550000003
SCN-NO-Ba,0.9003925751041617
SCN-NO-Be,1.3586673186588518
SCN-NO-Ca,0.9674546491666653
SCN-NO-Cd,0.9770031952473968
SCN-NO-Co,0.8977524509722254
SCN-NO-Cu,0.8529398744444467
SCN-NO-Fe,0.8924667639743529
SCN-NO-Mg,1.035623276992185
SCN-NO-Mn,0.8929365719140634
SCN-NO-Ni,0.8308067822222203
SCN-NO-Pb,0.9221906575000034
SCN-NO-Pd,0.8641042764583329
SCN-NO-Pt,0.9618564983333329
SCN-NO-Sr,0.9476160287196187
SCN-NO-Zn,1.01861902246962
SCN-OCN-Ba,0.5413666275892748
SCN-OCN-Be,0.9929815363504453
SCN-OCN-Ca,0.6151220267857145
SCN-OCN-Cd,0.6593330991406265
SCN-OCN-Co,0.6795260454761909
SCN-OCN-Cu,0.6882700527380958
SCN-OCN-Fe,0.7307821223351603
SCN-OCN-Mg,0.6799114792075915
SCN-OCN-Mn,0.651474356283483
SCN-OCN-Ni,0.6528214779762003
SCN-OCN-Pb,0.6009781067857176
SCN-OCN-Pd,0.7577965658928534
SCN-OCN-Pt,0.8853167232142809
SCN-OCN-Sr,0.588825902116815
SCN-OCN-Zn,0.7228028367596746
SH-Br-Ba,0.1819083687500047
SH-Br-Be,0.35327491618164153
SH-Br-Ca,0.1391546443066396
SH-Br-Cd,0.15026652836914067
SH-Br-Co,0.21957155124999872
SH-Br-Cu,0.21809514701497434
SH-Br-Fe,0.2961435750000003
SH-Br-Mg,0.12862450406250048
SH-Br-Mn,0.5327107643066409
SH-Br-Ni,0.1526515893750009
SH-Br-Pb,0.15929664493163997
SH-Br-Pd,0.27120633187499976
SH-Br-Pt,0.5198781249305569
SH-Br-Sr,0.14620601836914027
SH-Br-Zn,0.22367215860351486
SH-Cl-Ba,0.19974624562500054
SH-Cl-Be,0.3782957236816413
SH-Cl-Ca,0.16008337743163992
SH-Cl-Cd,0.1660255708691416
SH-Cl-Co,0.24451438062499875
SH-Cl-Cu,0.2544774257649749
SH-Cl-Fe,0.2729958637499994
SH-Cl-Mg,0.15214565781250045
SH-Cl-Mn,0.5618532630566424
SH-Cl-Ni,0.16570979812500042
SH-Cl-Pb,0.16985581055664056
SH-Cl-Pd,0.33349191791666755
SH-Cl-Pt,0.5240572066666687
SH-Cl-Sr,0.17293972368164212
SH-Cl-Zn,0.23487674086914012
SH-CN-Ba,0.49489991250000465
SH-CN-Be,0.8659001624999991
SH-CN-Ca,0.5843895104999977
SH-CN-Cd,0.66017248
SH-CN-Co,0.6656189965833263
SH-CN-Cu,0.7703786158333337
SH-CN-Fe,0.6781800534999967
SH-CN-Mg,0.6129626964999986
SH-CN-Mn,0.8984379575000006
SH-CN-Ni,0.6123245126666639
SH-CN-Pb,0.6033202245000027
SH-CN-Pd,0.8426067522500009
SH-CN-Pt,0.9557510624999992
SH-CN-Sr,0.5436164604999973
SH-CN-Zn,0.7635418094999995
SH-F-Ba,0.2907065931250017
SH-F-Be,0.7181890386816407
SH-F-Ca,0.3279483674316399
SH-F-Cd,0.31663513211914207
SH-F-Co,0.4023183449999994
SH-F-Cu,0.3588106407649718
SH-F-Fe,0.46022651624999966
SH-F-Mg,0.4083193165625012
SH-F-Mn,0.719099749931642
SH-F-Ni,0.3317369187499999
SH-F-Pb,0.24594904993164235
SH-F-Pd,0.49962123593750185
SH-F-Pt,0.6756713962499994
SH-F-Sr,0.3084843349316415
SH-F-Zn,0.4055012455566409
SH-I-Ba,0.15841315218749585
SH-I-Be,0.4692175862500001
SH-I-Ca,0.13687321243164163
SH-I-Cd,0.1513256130913625
SH-I-Co,0.2203194618750004
SH-I-Cu,0.23985639291666772
SH-I-Fe,0.34046448374999727
SH-I-Mg,0.13235947406250048
SH-I-Mn,0.244989653056642
SH-I-Ni,0.17756981812500072
SH-I-Pb,0.1593649846191454
SH-I-Pd,0.3416869346874982
SH-I-Pt,0.5394184934374984
SH-I-Sr,0.1276610468066366
SH-I-Zn,0.2599146580566405
SH-NC-Ba,0.4528874525000042
SH-NC-Be,0.8130015384999982
SH-NC-Ca,0.5234050444999987
SH-NC-Cd,0.6397284659999993
SH-NC-Co,0.6677177005833244
SH-NC-Cu,0.7691674538333331
SH-NC-Fe,0.6616371394999963
SH-NC-Mg,0.5429320744999986
SH-NC-Mn,0.8963063075000015
SH-NC-Ni,0.5882183166666639
SH-NCO-Ba,0.2844403001041531
SH-NCO-Be,0.6552282569921877
SH-NCO-Ca,0.2889931641666692
SH-NCO-Cd,0.3057716260205119
SH-NCO-Co,0.33753379505952275
SH-NCO-Cu,0.3874205670634989
SH-NCO-Fe,0.35095769890624773
SH-NCO-Mg,0.3178385769921874
SH-NCO-Mn,0.5043464502473967
SH-NCO-Ni,0.2777858522222445
SH-NCO-Pb,0.2971779642187471
SH-NCO-Pd,0.4949079374107104
SH-NCO-Pt,0.6250415826190441
SH-NCO-Sr,0.29027989871961957
SH-NCO-Zn,0.36350444775662005
SH-NC-Pb,0.5970966545000032
SH-NC-Pd,0.9087448362499995
SH-NC-Pt,1.0704190044999997
SH-NCS-Ba,0.24018405458333447
SH-NCS-Be,0.4888280536588532
SH-NCS-Ca,0.2529335819921865
SH-NCS-Cd,0.33997068157552235
SH-NCS-Co,0.4466970045833314
SH-NCS-Cu,0.40991106143663103
SH-NCS-Fe,0.4785751120833357
SH-NCS-Mg,0.2629484141666705
SH-NCS-Mn,0.369600857825521
SH-NCS-Ni,0.3640456595833328
SH-NCS-Pb,0.3006998419921878
SH-NCS-Pd,0.5275806162500007
SH-NCS-Pt,0.7095547787500003
SH-NC-Sr,0.4889573324999965
SH-NCS-Sr,0.23627639199218642
SH-NCS-Zn,0.41174515282552093
SH-NC-Zn,0.7373714494999977
SH-NO-Ba,0.8458014856250049
SH-NO-Be,1.3328810558906259
SH-NO-Ca,0.8853267644999967
SH-NO-Cd,0.9026173311249988
SH-NO-Co,0.825666835571429
SH-NO-Cu,0.7626753402777808
SH-NO-Fe,0.9297893057368398
SH-NO-Mg,0.958678481890626
SH-NO-Mn,0.7742519511647163
SH-NO-Ni,0.7718060563157856
SH-NO-Pb,0.8419246685000061
SH-NO-Pd,0.7606734876388899
SH-NO-Pt,0.8585858146666681
SH-NO-Sr,0.872043965749997
SH-NO-Zn,0.9578714876499941
SH-OCN-Ba,0.4083159067708202
SH-OCN-Be,0.8984093953255199
SH-OCN-Ca,0.4695545525000018
SH-OCN-Cd,0.5372731343538444
SH-OCN-Co,0.5619272467261887
SH-OCN-Cu,0.583333620396834
SH-OCN-Fe,0.5946268305729152
SH-OCN-Mg,0.5386774036588546
SH-OCN-Mn,0.5536135102473967
SH-OCN-Ni,0.6712168788889095
SH-OCN-Pb,0.4665168425520818
SH-OCN-Pd,0.6691332574107118
SH-OCN-Pt,0.7944495842857116
SH-OCN-Sr,0.4445652053862865
SH-OCN-Zn,0.6064409244232873
SH-SCN-Ba,0.35411212958333493
SH-SCN-Be,0.5698449653255198
SH-SCN-Ca,0.3925901686588542
SH-SCN-Cd,0.4066723149088549
SH-SCN-Co,0.48107818624999865
SH-SCN-Cu,0.4603163464366311
SH-SCN-Fe,0.5037577154166684
SH-SCN-Mg,0.3833759241666712
SH-SCN-Mn,0.6022941294921864
SH-SCN-Ni,0.4178313295833327
SH-SCN-Pb,0.4012180569921888
SH-SCN-Pd,0.5489286212500009
SH-SCN-Pt,0.731054225416667
SH-SCN-Sr,0.3650109969921882
SH-SCN-Zn,0.4829037894921875
NH-O-Ce,0.03228966624999785
NH-O-Ge,0.19357133937500137
NH-O-Hf,0.17027968562500106
NH-O-Ir,0.43798614333333674
NH-O-Mo,0.28104603703125264
NH-O-Os,0.5545171964583346
NH-O-Pd,0.48770021364583194
NH-O-Pt,0.28107403473957504
NH-O-Re,0.3523482383333345
NH-O-Ru,0.39864709083333416
NH-O-Sn,0.17958486999999934
NH-O-Tc,0.3140012221875015
NH-O-Te,0.6410384274739567
NH-O-Ti,0.16509428062500042
NH-O-W,0.2577001878124996
NH-O-Zr,0.2108991786458354
NH-PH-Ce,0.430779327125002
NH-PH-Ge,0.7038050565095215
NH-PH-Hf,0.41876371301785653
NH-PH-Ir,0.6331094437500084
NH-PH-Mo,0.4699026184166666
NH-PH-Os,0.7704599367500045
NH-PH-Pd,0.7153087109999987
NH-PH-Pt,0.4953632953437399
NH-PH-Re,0.6868530369999988
NH-PH-Ru,0.6753868664999967
NH-PH-Sn,0.6200680245999983
NH-PH-Tc,0.5940113217857128
NH-PH-Te,0.8554366120095214
NH-PH-Ti,0.4882554685238105
NH-PH-W,0.4088329582500023
NH-PH-Zr,0.44485969101189937
NH-S-Ce,0.06635215749999901
NH-S-Ge,0.2657848870312485
NH-S-Hf,0.10403234874999612
NH-S-Ir,0.45827690750000016
NH-S-Mo,0.27762818609375195
NH-S-Os,0.5285050912500004
NH-S-Pd,0.5155663771875005
NH-S-Pt,0.344712659999999
NH-S-Re,0.3924847939583316
NH-S-Ru,0.4292435834374988
NH-S-Sn,0.20103738625000034
NH-S-Tc,0.33788360749999846
NH-S-Te,0.43102492999999953
NH-S-Ti,0.14863038625000158
NH-S-W,0.24668226374999946
NH-S-Zr,0.22057157600000643
NH-Se-Ce,0.06854175500000181
NH-Se-Ge,0.3815211006249992
NH-Se-Hf,0.13085954624999374
NH-Se-Ir,0.4969421757812498
NH-Se-Mo,0.2878654642187506
NH-Se-Os,0.5685138096875022
NH-Se-Pd,0.5213627099999982
NH-Se-Pt,0.37487574541666646
NH-Se-Re,0.3991663267708283
NH-Se-Ru,0.4053416346875025
NH-Se-Sn,0.2826014193749984
NH-Se-Tc,0.1854265721874988
NH-Se-Te,0.4344685549999987
NH-Se-Ti,0.18575500800781164
NH-Se-W,0.27567752437500204
NH-Se-Zr,0.16997338944444706
NH-Te-Ce,0.15229774562499898
NH-Te-Ge,0.41564756625000143
NH-Te-Hf,0.3123965997499738
NH-Te-Ir,0.5570277933333294
NH-Te-Mo,0.3118155142187504
NH-Te-Os,0.5665272331250009
NH-Te-Pd,0.6224713374999986
NH-Te-Pt,0.5465944487500032
NH-Te-Re,0.36485621666666646
NH-Te-Ru,0.40658082312499744
NH-Te-Sn,0.4386395450000009
NH-Te-Tc,0.23013869187499836
NH-Te-Ti,0.3572080799999995
NH-Te-W,0.3415772153124941
NH-Te-Zr,0.31246774824998624
O-S-Ce,0.04842389333334296
O-S-Ge,0.4818302418750058
O-S-Hf,0.24814675916666573
O-S-Ir,0.41148338762820913
O-S-Mo,0.4463662379166671
O-S-Os,0.5876864891666642
O-S-Pd,0.546658485937499
O-S-Pt,0.30670384365385317
O-S-Re,0.5802194208333304
O-S-Ru,0.5527469670833334
O-S-Sn,0.32311870666667275
O-S-Tc,0.489837040416667
O-S-Te,0.2898664788095253
O-S-Ti,0.14090355250000108
O-S-W,0.46419434541666504
O-S-Zr,0.23819306791666506
O-Se-Ce,0.05988493833334729
O-Se-Ge,0.6684231833333332
O-Se-Hf,0.30292405583332993
O-Se-Ir,0.49418110687499706
O-Se-Mo,0.47475441208334246
O-Se-Os,0.6321697804166675
O-Se-Pd,0.4164533872222229
O-Se-Pt,0.2831090924999984
O-Se-Re,0.6520754445833319
O-Se-Ru,0.5459947720833327
O-Se-Sn,0.44533620166667376
O-Se-Tc,0.3351809800000112
O-Se-Te,0.27759340020834244
O-Se-Ti,0.1726514850000065
O-Se-W,0.5144221729166745
O-Se-Zr,0.27979593125000335
O-Te-Ce,0.16784904250001986
O-Te-Ge,0.5141427491666661
O-Te-Hf,0.43438466416666444
O-Te-Ir,0.7039826736111152
O-Te-Mo,0.5249459087500021
O-Te-Os,0.746954736458342
O-Te-Pd,0.6844368509100853
O-Te-Pt,0.5706140294583335
O-Te-Re,0.6580701383333363
O-Te-Ru,0.5463967166666635
O-Te-Sn,0.5474251883333316
O-Te-Tc,0.3791362783333483
O-Te-Ti,0.24441060583334817
O-Te-W,0.6199752841666708
O-Te-Zr,0.3768124645833346
PH-O-Ce,0.4459579234375006
PH-O-Ge,0.9611005168962556
PH-O-Hf,0.5379019175148798
PH-O-Ir,0.8778895236249973
PH-O-Mo,0.6050514600694399
PH-O-Os,1.0363298622499997
PH-O-Pd,0.9555097025000006
PH-O-Pt,0.7486535082343764
PH-O-Re,0.883346745474995
PH-O-Ru,0.8922288688888873
PH-O-Sn,0.8477925070436463
PH-O-Tc,0.7549968788214301
PH-O-Te,0.9287787168928574
PH-O-Ti,0.4183161946875007
PH-O-W,0.5634178326136343
PH-O-Zr,0.5501808346875006
PH-S-Ce,0.3508920131547626
PH-S-Ge,0.40874138049851183
PH-S-Hf,0.29135421813988316
PH-S-Ir,0.42827428156250846
PH-S-Mo,0.40348082312499933
PH-S-Os,0.5932332312500002
PH-S-Pd,0.3918029290624965
PH-S-Pt,0.25776832781249936
PH-S-Re,0.5678971353571427
PH-S-Ru,0.5949101084374977
PH-S-Sn,0.38107039940476817
PH-S-Tc,0.49730180177083305
PH-S-Te,0.5127001158593743
PH-S-Ti,0.2721234178125016
PH-S-W,0.39358088437499816
PH-S-Zr,0.32931991875000044
PH-Se-Ce,0.3449859828273816
PH-Se-Ge,0.3809262415922632
PH-Se-Hf,0.29145458813988157
PH-Se-Ir,0.3749245342187493
PH-Se-Mo,0.3822742637499985
PH-Se-Os,0.5484374871874991
PH-Se-Pd,0.32056645437499753
PH-Se-Pt,0.25217841031251
PH-Se-Re,0.505347123169642
PH-Se-Ru,0.5170891671874998
PH-Se-Sn,0.35645614002976345
PH-Se-Tc,0.333210047877607
PH-Se-Te,0.4285724793749992
PH-Se-Ti,0.2897676296875016
PH-Se-W,0.3679896900000017
PH-Se-Zr,0.3351230437500021
PH-Te-Ce,0.41682137095238403
PH-Te-Ge,0.40563452815476
PH-Te-Hf,0.3224516228809513
PH-Te-Ir,0.3482398517708276
PH-Te-Mo,0.3490207237500016
PH-Te-Os,0.5238159956250037
PH-Te-Pd,0.35983902250000455
PH-Te-Pt,0.32775337406250316
PH-Te-Re,0.3927753461249992
PH-Te-Ru,0.4404947406249988
PH-Te-Sn,0.3825423031547608
PH-Te-Tc,0.295168661874996
PH-Te-Ti,0.3181255015773772
PH-Te-W,0.361417795937502
PH-Te-Zr,0.3705420728749935
S-Se-Ce,0.0
S-Se-Ge,0.18687864687500166
S-Se-Hf,0.018884083333333024
S-Se-Ir,0.2027861052083253
S-Se-Mo,0.3030906975000107
S-Se-Os,0.3791485429166812
S-Se-Pd,0.09525326000000334
S-Se-Pt,0.028182973333336747
S-Se-Re,0.43179137208334595
S-Se-Ru,0.42399892250000804
S-Se-Sn,0.031539711666674464
S-Se-Tc,0.14856443041667688
S-Se-Te,0.0020382466666681864
S-Se-Ti,0.0
S-Se-W,0.30024142416668553
S-Se-Zr,0.018736793333332002
S-Te-Ce,0.8112857224999992
S-Te-Ge,0.21304676270833411
S-Te-Hf,0.03717014166666388
S-Te-Ir,0.25760277527778186
S-Te-Mo,0.2549457975000031
S-Te-Os,0.39081162416666615
S-Te-Pd,0.17077441416666872
S-Te-Pt,0.12244453833333324
S-Te-Re,0.4985284433333135
S-Te-Ru,0.3787518304166646
S-Te-Sn,0.1388118383333321
S-Te-Tc,0.18394761541668814
S-Te-Ti,0.0
S-Te-W,0.3055850054166598
S-Te-Zr,0.025425356666666232
Se-Te-Ce,0.09803933416668542
Se-Te-Ge,0.1625676308333368
Se-Te-Hf,0.027196175000000267
Se-Te-Ir,0.1892960554861105
Se-Te-Mo,0.23402487833333296
Se-Te-Os,0.37750138541667155
Se-Te-Pd,0.08877577249999646
Se-Te-Pt,0.0519604216666707
Se-Te-Re,0.38427472625000547
Se-Te-Ru,0.38611303875000047
Se-Te-Sn,0.07927835999999999
Se-Te-Tc,0.0
Se-Te-Ti,0.0023772591666677556
Se-Te-W,0.2728657695833334
Se-Te-Zr,0.025197843333337744
