"0_BaH2O2",-1.867701694
"1_BeH2O2",-1.599390836
"2_CaH2O2",-2.013624906
"3_CdH2O2",-1.116737622
"4_CoH2O2",-0.995600362
"5_CuH2O2",-0.805399114
"6_FeH2O2",-1.035061092
"7_MgH2O2",-1.878757444
"8_MnH2O2",-1.085342614
"9_NiH2O2",-1.143484612
"10_PbH2O2",-0.993897716
"11_PdH2O2",-0.540211852
"12_PtH2O2",-0.306465232
"13_SrH2O2",-1.959232812
"14_ZnH2O2",-1.232251728
"15_AlHO2",-2.3612612425
"16_BiHO2",-0.9520547425
"17_CeHO2",-2.5852090175
"18_CoHO2",-1.143992335
"19_CrHO2",-1.8302099125
"20_FeHO2",-1.21246382
"21_GaHO2",-1.5571532375
"22_GdHO2",-2.5797172425
"23_InHO2",-1.40686313
"24_IrHO2",-0.54994648
"25_LaHO2",-2.65532639
"26_LuHO2",-2.79215112
"27_NdHO2",-2.5960248825
"28_RhHO2",-0.8446511925
"29_RuHO2",-0.803266135
"30_ScHO2",-2.7166293475
"31_SmHO2",-2.63517754
"32_YHO2",-2.736906235
"33_CeO2",-3.4898760933
"34_GeO2",-1.67664236
"35_HfO2",-3.6165165333
"36_IrO2",-0.6200343767
"37_MoO2",-1.6936549
"38_OsO2",-0.56374549
"39_PdO2",-0.5388617967
"40_PtO2",-0.6804876867
"41_ReO2",-1.0371623533
"42_RuO2",-0.9438203933
"43_SnO2",-1.65742134
"44_TcO2",-1.4636238467
"45_O2Te",-0.64752092
"46_TiO2",-3.20106069
"47_WO2",-1.6775540233
"48_ZrO2",-3.53530104
"50_BiH2NO",-0.311334838
"51_CeH2NO",-1.461168738
"56_GdH2NO",-1.445005934
"59_LaH2NO",-1.471963264
"61_NdH2NO",-1.440855868
"66_YH2NO",-1.561544658
"67_AlH2OP",-0.644612126
"68_BiH2OP",-0.321120976
"69_CeH2OP",-1.082619484
"73_GaH2OP",-0.412116236
"74_GdH2OP",-1.080016134
"75_InH2OP",-0.432257412
"77_LaH2OP",-1.149278024
"78_LuH2OP",-1.120553858
"79_NdH2OP",-1.099370058
"82_ScH2OP",-1.095244824
"83_SmH2OP",-1.104418704
"84_YH2OP",-1.138098446
"86_BiHOS",-0.6702623468
"87_CeHOS",-1.9222615118
"92_GdHOS",1.2645031308
"93_InHOS",-0.9363899967
"95_LaHOS",-2.0064491118
"96_LuHOS",-1.9928065418
"97_NdHOS",-1.9388926118
"101_SmHOS",-1.9520811243
"102_YHOS",-2.0120427368
"103_AlHOSe",-1.128779025
"104_BiHOSe",-0.67766025
"105_CeHOSe",-1.8255488825
"106_CoHOSe",-0.740472975
"107_CrHOSe",-1.032374905
"108_FeHOSe",-0.648076875
"109_GaHOSe",-0.77849217
"110_GdHOSe",-1.80769543
"111_InHOSe",-0.850699475
"112_IrHOSe",-0.540000155
"113_LaHOSe",-1.9064751425
"114_LuHOSe",-1.84932126
"115_NdHOSe",-3.1942368475
"116_RhHOSe",-0.75593555
"117_RuHOSe",-0.5031183425
"118_ScHOSe",-1.78666711
"119_SmHOSe",-1.84193738
"120_YHOSe",-1.88811617
"121_AlHOTe",-0.79127126
"122_BiHOTe",-0.636405785
"123_CeHOTe",-1.8794916125
"124_CoHOTe",-0.5862080425
"125_CrHOTe",-0.9526680025
"126_FeHOTe",-0.61595809
"127_GaHOTe",-0.5006949875
"128_GdHOTe",-1.6383485425
"129_InHOTe",-0.645627105
"130_IrHOTe",-0.4712498475
"131_LaHOTe",-1.7023261925
"132_LuHOTe",-1.578919765
"133_NdHOTe",-1.6299020975
"134_RhHOTe",-0.7008556
"135_RuHOTe",-0.3999370325
"136_ScHOTe",-1.532773465
"137_SmHOTe",-1.6130867225
"138_YHOTe",-1.6310814825
"319_CeH2N2",-0.872248674
"320_GeH2N2",-0.18917439
"321_HfH2N2",-1.033679376
"322_IrH2N2",0.173421056
"323_MoH2N2",-0.277440336
"324_OsH2N2",0.23723256
"325_PdH2N2",0.205951562
"326_PtH2N2",0.007987332
"327_ReH2N2",0.007383006
"328_RuH2N2",0.04989361
"329_SnH2N2",-0.16268836
"330_TcH2N2",-0.080653282
"331_H2N2Te",0.436821836
"332_TiH2N2",-0.863959632
"333_WH2N2",-0.272272426
"334_ZrH2N2",-0.971547746
"335_CeH2P2",-0.37928788
"336_GeH2P2",0.280636896
"337_HfH2P2",-0.336832664
"338_IrH2P2",-0.260864708
"339_MoH2P2",-0.09374398
"340_OsH2P2",0.024826144
"341_PdH2P2",-0.056819918
"342_PtH2P2",-0.32666184
"343_ReH2P2",0.091966836
"344_RuH2P2",-0.053367674
"345_SnH2P2",0.17911421
"346_TcH2P2",-0.012201358
"347_H2P2Te",0.39302581
"348_TiH2P2",-0.282801776
"349_WH2P2",-0.01062999
"350_ZrH2P2",-0.346264568
"351_CeS2",-1.8923836313
"352_GeS2",-0.223975258
"353_HfS2",-1.760390918
"354_IrS2",-0.2752142847
"355_MoS2",-0.6205398747
"356_OsS2",0.0252655353
"357_PdS2",-0.2511470647
"358_PtS2",-0.5163082947
"359_ReS2",-0.1530821547
"360_RuS2",-0.2175198347
"361_SnS2",-0.4464822747
"362_TcS2",-0.334471388
"363_S2Te",-1.66413333317905E-005
"364_TiS2",-1.4738246613
"365_WS2",-0.5362923047
"366_ZrS2",-1.7689884513
"367_CeSe2",-1.7034721633
"368_GeSe2",-0.1088241233
"369_HfSe2",-1.4746553467
"370_IrSe2",-0.2053248033
"371_MoSe2",-0.41638306
"372_OsSe2",0.1640885533
"373_PdSe2",-0.2899102833
"374_PtSe2",-0.51375614
"375_ReSe2",0.04660284
"376_RuSe2",-0.1325578133
"377_SnSe2",-0.3580040033
"378_TcSe2",-0.1985157333
"379_Se2Te",-0.0723425033
"380_TiSe2",-1.2483220233
"381_WSe2",-0.2542250733
"382_ZrSe2",-1.5213829267
"383_CeTe2",-1.29231081
"384_GeTe2",0.0177108633
"385_HfTe2",-0.97197191
"386_IrTe2",-0.3676483233
"387_MoTe2",-0.1939881667
"388_OsTe2",0.10159672
"389_PdTe2",-0.4003741233
"390_PtTe2",-0.6220012767
"391_ReTe2",0.2213317433
"392_RuTe2",-0.1601993067
"393_SnTe2",-0.1621813433
"394_TcTe2",-0.1064729567
"395_TiTe2",-0.8569154633
"396_WTe2",0.06218692
"397_ZrTe2",-1.07013484
"599_CoH2NS",-0.0338581194
"600_CrH2NS",-0.2836572554
"601_FeH2NS",0.0439351466
"602_GaH2NS",-0.1810444474
"605_IrH2NS",0.0311976486
"606_LaH2NS",-0.9789794534
"607_LuH2NS",-1.0286847714
"608_NdH2NS",-0.9433464634
"609_RhH2NS",-0.0210960014
"610_RuH2NS",0.1344908046
"611_ScH2NS",-0.9696173274
"612_SmH2NS",-0.9624366914
"613_YH2NS",-1.0233343874
"614_AlBrO",-2.05600653
"615_BiBrO",-0.91276069
"617_CoBrO",-0.6225321833
"618_CrBrO",-1.5811585233
"619_FeBrO",-0.9677817867
"620_GaBrO",-1.2374885033
"621_GdBrO",-2.94798618
"622_InBrO",-1.3005666833
"623_IrBrO",-0.0198724567
"624_LaBrO",-3.0778758033
"625_LuBrO",-3.0768081567
"626_NdBrO",-2.97076099
"627_RhBrO",-0.4287946733
"628_RuBrO",-0.4007865967
"629_ScBrO",-2.9256611733
"630_SmBrO",-2.9935574733
"631_YBrO",-3.0813350667
"632_AlClO",-2.4174749233
"633_BiClO",-1.00844065
"634_CeClO",-3.11595516
"635_CoClO",-0.85516846
"636_CrClO",-1.8597112967
"637_FeClO",-1.0258080033
"638_GaClO",-1.51159934
"639_GdClO",-2.08208508
"640_InClO",-1.4762083767
"641_IrClO",-0.2178420967
"642_LaClO",-3.2301026167
"643_LuClO",-3.2829682433
"644_NdClO",-3.12747688
"645_RhClO",-0.6517004333
"646_RuClO",-0.6111303267
"647_ScClO",-3.1446609033
"648_SmClO",-3.15819478
"649_YClO",-3.2625184633
"650_AlCNO",-0.9035375525
"651_BiCNO",0.1424488325
"653_CoCNO",0.116478935
"654_CrCNO",-0.4992039725
"655_FeCNO",0.010995685
"656_GaCNO",-0.2068886575
"657_GdCNO",-0.367621905
"658_InCNO",-0.1577305825
"659_IrCNO",0.455668725
"660_LaCNO",-1.4628383725
"661_LuCNO",-1.504120015
"662_NdCNO",-1.3829970325
"664_RuCNO",0.26215324
"665_ScCNO",-1.40443987
"666_SmCNO",-1.405445845
"667_YCNO",-1.487229025
"668_AlFO",-3.37681044
"669_BiFO",-1.5629625633
"671_CoFO",-1.6888999067
"672_CrFO",-2.65667634
"673_FeFO",-1.81859102
"674_GaFO",-2.2809442567
"675_GdFO",-3.7747190467
"676_InFO",-2.0980282433
"677_IrFO",-0.7506637633
"678_LaFO",-3.89178338
"679_LuFO",-4.0053765633
"680_NdFO",-3.7822619233
"681_RhFO",-1.2501264533
"682_RuFO",-1.20936487
"683_ScFO",-3.8862465967
"684_SmFO",-3.8248330333
"685_YFO",-3.9517671867
"686_AlIO",-1.4344877467
"687_BiIO",-0.72487779
"689_CoIO",-0.49991181
"690_CrIO",-1.03960031
"691_FeIO",-0.6865328067
"692_GaIO",-0.7648086633
"695_IrIO",0.22212749
"696_LaIO",-2.8169101667
"697_LuIO",-2.7029572267
"698_NdIO",-2.69585834
"699_RhIO",-0.09453677
"700_RuIO",-0.0474071433
"701_ScIO",-2.52852684
"702_SmIO",-2.70158252
"703_YIO",-2.7568497967
"704_AlCNO",-1.0456425325
"705_BiCNO",0.1373284725
"707_CoCNO",0.10507304
"708_CrCNO",-0.5680714275
"709_FeCNO",-0.0074000725
"710_GaCNO",-0.2914239925
"711_GdCNO",-0.459773205
"712_InCNO",-0.21511471
"713_IrCNO",0.6184055725
"714_LaCNO",-1.5520249725
"715_LuCNO",-1.6162787225
"716_NdCNO",-1.4762638375
"717_AlCNO2",-1.596855636
"718_BiCNO2",-0.595201214
"720_CoCNO2",-0.6582304
"721_CrCNO2",-1.23539036
"722_FeCNO2",-0.743104462
"723_GaCNO2",-0.997846884
"724_GdCNO2",-1.085514116
"725_InCNO2",-0.921200652
"726_IrCNO2",-0.249275944
"728_LuCNO2",-2.016815604
"729_NdCNO2",-1.886987882
"730_RhCNO2",-0.501831638
"731_RuCNO2",-0.465817374
"732_ScCNO2",-1.953830484
"733_SmCNO2",-1.913274694
"734_YCNO2",-1.99152991
"735_RhCNO",0.29214566
"736_RuCNO",0.353720485
"737_AlCNOS",-0.9604098394
"738_BiCNOS",-0.1510818234
"739_ScCNO",-1.51736936
"741_CoCNOS",-0.0479252654
"742_CrCNOS",-0.5606431074
"743_FeCNOS",-0.1381598614
"744_GaCNOS",-0.4144318334
"745_GdCNOS",-0.6136775194
"746_InCNOS",-0.4167935494
"747_IrCNOS",0.2392482706
"748_LaCNOS",-1.4820324694
"749_LuCNOS",-1.5267937514
"750_SmCNO",-1.49833213
"751_NdCNOS",-1.4211743874
"752_RhCNOS",0.0130628206
"753_RuCNOS",0.0591655726
"754_ScCNOS",-1.4371629714
"755_SmCNOS",-1.4420657054
"756_YCNOS",-1.5129719414
"758_AlNO2",-1.35912041
"759_BiNO2",-0.141740005
"760_CeNO2",-1.67796527
"761_CoNO2",-0.3865226925
"762_CrNO2",-0.9995118425
"763_FeNO2",-0.5624197125
"764_GaNO2",-0.667192465
"765_GdNO2",-1.6411555975
"766_InNO2",-0.46416179
"767_IrNO2",0.0565666075
"768_LaNO2",-1.727779745
"769_LuNO2",-1.7983909325
"770_NdNO2",-1.6505842625
"771_RhNO2",-0.2103758275
"772_RuNO2",-0.22440026
"774_SmNO2",-1.674587345
"775_YNO2",-1.75634171
"776_AlCNO2",-1.31208116
"777_BiCNO2",-0.325725896
"779_CoCNO2",-0.353550402
"780_CrCNO2",-0.943056314
"781_FeCNO2",-0.530439404
"782_GaCNO2",-0.702886966
"783_GdCNO2",-1.624492902
"784_InCNO2",-0.632320368
"785_IrCNO2",0.098862084
"786_LaCNO2",-1.70727618
"787_LuCNO2",-1.238718534
"788_NdCNO2",-1.63785913
"789_RhCNO2",-0.169368828
"790_RuCNO2",-0.140880378
"791_ScCNO2",-1.677433572
"792_SmCNO2",-1.653952494
"793_YCNO2",-1.727410692
"794_AlCNOS",-0.6168724874
"795_BiCNOS",0.0521554026
"796_CeCNOS",-1.1661683834
"797_CoCNOS",0.1203312866
"798_CrCNOS",-0.3492001534
"799_FeCNOS",0.0977580606
"800_GaCNOS",-0.1219735734
"801_GdCNOS",-0.3589937594
"802_InCNOS",-0.1464730274
"803_IrCNOS",0.2131581906
"804_LaCNOS",-1.2229366974
"805_LuCNOS",-1.2212359214
"806_NdCNOS",-1.1598511734
"807_RhCNOS",0.1275319186
"808_RuCNOS",0.1867807686
"809_ScCNOS",-1.1402906854
"810_SmCNOS",-1.1674975134
"811_YCNOS",-1.2212272454
"812_AlHOS",-1.2707194443
"813_BiHOS",-0.3920484218
"814_CeHOS",-1.9193320318
"815_CoHOS",-0.3483104068
"816_CrHOS",-0.9566657968
"817_FeHOS",-0.3809100168
"818_GaHOS",-0.6405417093
"820_InHOS",-0.6661258667
"821_IrHOS",-0.2221671118
"822_LaHOS",-1.9938071968
"823_LuHOS",-2.0089632543
"824_NdHOS",-1.9210035093
"825_RhHOS",-0.3324029867
"826_RuHOS",-0.2514884042
"827_ScHOS",-1.9044237268
"828_SmHOS",-1.9400340893
"829_YHOS",-2.0056534593
"830_AlBrHP",-0.59871894
"831_BiBrHP",-0.1590079675
"833_CoBrHP",-0.3727005425
"834_CrBrHP",-0.39126648
"835_FeBrHP",-0.210506845
"836_GaBrHP",-0.3390460975
"839_IrBrHP",-0.4644388975
"841_LuBrHP",-1.13118457
"843_RhBrHP",-0.5637866125
"844_RuBrHP",-0.261859245
"847_YBrHP",-1.1891162375
"848_AlClHP",-0.66694613
"851_CoClHP",-0.4935302775
"852_CrClHP",-0.4830676625
"853_FeClHP",-0.3312265575
"854_GaClHP",-0.38929051
"855_GdClHP",-1.19786784
"856_InClHP",-0.437020765
"857_IrClHP",-0.55036741
"858_LaClHP",-1.30463263
"860_NdClHP",-1.2348366375
"861_RhClHP",-0.6573835975
"862_RuClHP",-0.34094427
"864_SmClHP",-1.2351964725
"866_AlCHNP",0.287377394
"869_CoCHNP",0.314964508
"870_CrCHNP",0.385445088
"871_FeCHNP",0.394224546
"872_GaCHNP",0.493573728
"873_GdCHNP",-0.18131842
"874_InCHNP",0.443257152
"875_IrCHNP",0.23261316
"876_LaCHNP",-0.271703568
"877_LuCHNP",-0.190273602
"879_RhCHNP",0.15660506
"880_RuCHNP",0.353308088
"884_AlFHP",-0.935972715
"887_CoFHP",-0.82515411
"889_FeFHP",-0.6850921525
"890_GaFHP",-0.6442708475
"892_InFHP",-0.690363965
"893_IrFHP",-0.82408165
"894_LaFHP",-1.686539185
"895_LuFHP",-1.5989109175
"896_NdFHP",-1.6185992125
"897_RhFHP",-0.96591678
"898_RuFHP",-0.6747667725
"899_ScFHP",-1.569087935
"900_SmFHP",-1.62028526
"901_YFHP",-1.648019515
"903_BiHIP",-0.07731908
"904_CeHIP",-1.0744739275
"905_CoHIP",-0.1594322775
"906_CrHIP",-0.1665462425
"907_FeHIP",0.02320671
"908_GaHIP",-0.209359795
"909_GdHIP",0.0087725
"913_LuHIP",-0.9871380675
"915_RhHIP",-0.383707625
"917_ScHIP",-0.925781935
"918_SmHIP",-1.016850205
"920_AlCHNP",0.245355538
"921_BiCHNP",0.532290302
"923_CoCHNP",0.329227586
"924_CrCHNP",0.330404978
"925_FeCHNP",0.432096292
"926_GaCHNP",0.474858056
"927_GdCHNP",0.515697996
"928_InCHNP",0.429078116
"929_IrCHNP",0.291464864
"931_LuCHNP",-0.226859288
"933_AlCHNOP",-0.4055327683
"936_CoCHNOP",-0.3515781933
"937_CrCHNOP",-0.382816235
"938_FeCHNOP",-0.2552406717
"939_GaCHNOP",-0.2211088117
"940_GdCHNOP",-0.74123252
"942_IrCHNOP",-0.3675818067
"943_LaCHNOP",-0.793767045
"944_LuCHNOP",-0.73705667
"945_NdCHNOP",-0.753975455
"946_RhCHNOP",-0.4460972917
"947_RuCHNOP",-0.2530320517
"948_ScCHNOP",-0.7590695667
"950_YCHNOP",-0.79451662
"952_RuCHNP",0.426718188
"953_AlCHNPS",-0.0096260512
"954_BiCHNPS",0.2458641872
"955_ScCHNP",-0.1835982
"957_CoCHNPS",0.1033542938
"958_CrCHNPS",0.1434892188
"959_FeCHNPS",0.2076881188
"960_GaCHNPS",0.1837209355
"961_GdCHNPS",-0.3811835428
"963_IrCHNPS",0.0323590422
"964_LaCHNPS",-0.4473983112
"965_LuCHNPS",-0.3962419595
"967_NdCHNPS",-0.4045830178
"968_RhCHNPS",-0.0370116295
"969_RuCHNPS",0.1443861038
"970_ScCHNPS",-0.3473981862
"971_SmCHNPS",-0.4057494745
"974_AlHNOP",0.02665488
"975_BiHNOP",0.322384272
"976_CeHNOP",-0.58405379
"977_CoHNOP",0.008922346
"978_CrHNOP",-0.025002464
"979_FeHNOP",0.039371926
"980_GaHNOP",0.18203547
"981_GdHNOP",-0.513376802
"983_IrHNOP",0.025980514
"984_LaHNOP",-0.581934518
"985_LuHNOP",-0.536606054
"986_NdHNOP",-0.397442246
"987_RhHNOP",-0.07240407
"988_RuHNOP",0.033560804
"989_ScHNOP",-0.410502758
"991_YHNOP",-0.4174012
"992_AlCHNOP",-0.1556312517
"993_BiCHNOP",0.0374066067
"995_CoCHNOP",-0.0868218767
"996_CrCHNOP",-0.124249515
"997_FeCHNOP",0.0188642117
"998_GaCHNOP",0.0129411667
"999_GdCHNOP",-0.54169874
"1000_InCHNOP",-0.01898421
"1001_IrCHNOP",-0.0949193617
"1002_LaCHNOP",-0.6463516217
"1003_LuCHNOP",-0.6172215533
"1004_NdCHNOP",-0.5797408517
"1005_RhCHNOP",-0.187421495
"1006_RuCHNOP",-0.009701805
"1007_ScCHNOP",-0.5371130917
"1008_SmCHNOP",-0.5785959333
"1009_YCHNOP",-0.59637083
"1010_AlCHNPS",0.0918483872
"1013_CoCHNPS",0.1334624022
"1014_CrCHNPS",0.2438219622
"1015_FeCHNPS",0.2187653855
"1019_IrCHNPS",0.0714751005
"1020_LaCHNPS",-0.2897969562
"1021_LuCHNPS",-0.2548534645
"1022_NdCHNPS",-0.2556982712
"1023_RhCHNPS",0.0482489055
"1024_RuCHNPS",0.2355733922
"1025_ScCHNPS",-0.2393353112
"1026_SmCHNPS",-0.2246569262
"1027_YCHNPS",-0.3133840895
"1028_AlH2PS",-0.3161702414
"1029_BiH2PS",0.0876447366
"1031_CoH2PS",-0.2084664434
"1032_CrH2PS",-0.2073857114
"1033_FeH2PS",-0.0747782334
"1034_GaH2PS",-0.0872379774
"1036_InH2PS",-0.1299077374
"1038_LaH2PS",-0.7686029214
"1039_LuH2PS",-0.7224457494
"1041_RhH2PS",-0.3100098874
"1042_RuH2PS",-0.0734350814
"1043_ScH2PS",-0.6842951534
"1044_SmH2PS",-0.7208716594
"1204_BiCNOSe",-0.366660648
"1205_CeCNOSe",-1.241002522
"1206_CoCNOSe",-0.410918304
"1207_CrCNOSe",-0.679380384
"1208_FeCNOSe",-0.363743696
"1209_GaCNOSe",-0.44233086
"1210_GdCNOSe",-0.479529472
"1211_InCNOSe",-0.507020198
"1212_IrCNOSe",-0.27893062
"1213_LaCNOSe",-1.33248106
"1214_LuCNOSe",-1.28180652
"1215_NdCNOSe",-1.289429434
"1216_RhCNOSe",-0.450766436
"1217_RuCNOSe",-0.273957352
"1218_ScCNOSe",-1.236511872
"1219_SmCNOSe",-1.291403902
"1220_YCNOSe",-1.31981336
"1221_RhCNSe",0.3495870425
"1222_RuCNSe",0.5732986825
"1223_AlCNSSe",-0.2341539194
"1224_BiCNSSe",0.0649938826
"1225_ScCNSe",-0.655571375
"1226_CeCNSSe",-0.8319913274
"1227_CoCNSSe",0.0987417706
"1228_CrCNSSe",-0.1438608194
"1229_FeCNSSe",0.1736509586
"1230_GaCNSSe",0.0405657006
"1231_GdCNSSe",-0.8134492894
"1232_InCNSSe",-0.0460956734
"1233_IrCNSSe",0.1785583086
"1234_LaCNSSe",-0.9094076214
"1235_LuCNSSe",-0.8233285894
"1236_SmCNSe",-0.76266812
"1237_NdCNSSe",-0.8355022234
"1238_RhCNSSe",0.0165021006
"1239_RuCNSSe",0.2108525746
"1240_ScCNSSe",-0.7789140434
"1241_SmCNSSe",-0.8471405454
"1242_YCNSSe",-0.8720959414
"1243_YCNSe",-0.793764905
"1244_AlNOSe",-0.262253485
"1245_BiNOSe",0.128233625
"1246_CeNOSe",-1.01887065
"1247_CoNOSe",-0.0037080125
"1248_CrNOSe",-0.296203985
"1249_FeNOSe",-0.069183045
"1250_GaNOSe",0.00962688
"1251_GdNOSe",-0.9282627525
"1252_InNOSe",-0.00481969
"1253_IrNOSe",0.2111239475
"1254_LaNOSe",-1.05010793
"1255_LuNOSe",-0.9380612175
"1256_NdNOSe",-0.944784025
"1257_RhNOSe",0.013555325
"1258_RuNOSe",0.0940651125
"1259_ScNOSe",-0.8579745
"1260_SmNOSe",-0.958093725
"1261_YNOSe",-0.987841755
"1262_AlCNOSe",-0.41631509
"1263_BiCNOSe",-0.122481622
"1264_CeCNOSe",-1.043530284
"1265_CoCNOSe",-0.10170249
"1266_CrCNOSe",-0.367605204
"1267_FeCNOSe",-0.042958404
"1268_GaCNOSe",-0.15521456
"1269_GdCNOSe",-0.178912238
"1270_InCNOSe",-0.230487334
"1271_IrCNOSe",0.049138542
"1272_LaCNOSe",-1.135124512
"1273_LuCNOSe",-1.024088756
"1274_NdCNOSe",-0.890368006
"1275_RhCNOSe",-0.140390104
"1276_RuCNOSe",0.060254422
"1277_ScCNOSe",-0.964827622
"1278_SmCNOSe",-1.050915676
"1279_YCNOSe",-1.069229558
"1280_AlCNSSe",-0.1243123974
"1281_BiCNSSe",0.2415565726
"1282_CeCNSSe",-0.5876929434
"1283_CoCNSSe",0.1292263586
"1284_CrCNSSe",-0.0486872534
"1285_FeCNSSe",0.2554740966
"1286_GaCNSSe",0.1266030586
"1287_GdCNSSe",-0.6285242614
"1288_InCNSSe",0.0577373966
"1289_IrCNSSe",0.1444857126
"1290_LaCNSSe",-0.7235769054
"1291_LuCNSSe",-0.5881753854
"1292_NdCNSSe",-0.6642390054
"1293_RhCNSSe",0.0556984486
"1294_RuCNSSe",0.2663483326
"1295_ScCNSSe",-0.5891210394
"1296_SmCNSSe",-0.6615946894
"1297_YCNSSe",-0.6773341354
"1298_AlHSSe",-0.6421761768
"1299_BiHSSe",-0.1580001318
"1300_CeHSSe",-1.2939474618
"1301_CoHSSe",-0.3164862493
"1302_CrHSSe",-0.4644760143
"1303_FeHSSe",-0.1602226068
"1304_GaHSSe",-0.3110008393
"1305_GdHSSe",-1.2862625268
"1306_InHSSe",-0.4003551168
"1307_IrHSSe",-0.2980582668
"1308_LaHSSe",-1.3965417793
"1309_LuHSSe",-1.3083929968
"1310_NdHSSe",-1.3244690618
"1311_RhHSSe",-0.3946465542
"1312_RuHSSe",-0.1374379467
"1313_ScHSSe",-1.2358580593
"1314_SmHSSe",-1.3230548293
"1315_YHSSe",-1.3630055468
"1316_AlFS",-1.967322859
"1317_BiFS",-1.1993251257
"1318_CeFS",-2.839036469
"1319_CoFS",-1.2443130557
"1320_CrFS",-1.693668329
"1321_FeFS",-1.1789737423
"1322_GaFS",-1.3692765557
"1323_GdFS",-1.556204229
"1324_InFS",-1.4426551923
"1325_IrFS",-0.9354217957
"1326_LaFS",-3.021259179
"1327_LuFS",-2.933522409
"1328_NdFS",-2.9103007623
"1329_RhFS",-1.222131069
"1330_RuFS",-0.9199503057
"1331_ScFS",-2.821672949
"1332_SmFS",-2.9180921857
"1333_YFS",-2.9765870957
"1334_AlIS",-0.9697000323
"1335_BiIS",-0.4225007923
"1336_CeIS",-1.935323389
"1337_CoIS",-0.2304727957
"1338_CrIS",-0.8459295723
"1339_FeIS",-0.202305979
"1340_GaIS",-0.5202721657
"1341_GdIS",-1.9723175957
"1342_InIS",-0.6833067523
"1343_IrIS",-0.1702921023
"1344_LaIS",-2.142860789
"1345_LuIS",-1.977818189
"1346_NdIS",-2.0339289523
"1347_RhIS",-0.3904469723
"1348_RuIS",-0.2081019323
"1349_ScIS",-1.8509873057
"1350_SmIS",-2.025779299
"1351_YIS",-2.067520019
"1352_AlCNS",-0.1474350418
"1353_BiCNS",0.4209056332
"1354_CeCNS",-0.8052762993
"1355_CoCNS",0.3366197633
"1356_CrCNS",0.0888536583
"1357_FeCNS",0.3867575458
"1358_GaCNS",0.2780699483
"1359_GdCNS",-0.8216856543
"1360_InCNS",0.2099059458
"1361_IrCNS",0.4941455982
"1362_LaCNS",-0.9442001918
"1363_LuCNS",-0.8608690793
"1364_NdCNS",-0.8581971268
"1365_AlCNOS",-0.8714239754
"1366_BiCNOS",-0.3647767594
"1367_CeCNOS",-1.3256255874
"1368_CoCNOS",-0.4789064614
"1369_CrCNOS",-0.7500065174
"1370_FeCNOS",-0.4465959654
"1371_GaCNOS",-0.5320760094
"1372_GdCNOS",-1.3468016814
"1373_InCNOS",-0.5646383654
"1374_IrCNOS",-0.3356970454
"1375_LaCNOS",-1.4105088154
"1376_LuCNOS",-1.3958173014
"1377_NdCNOS",-1.3589755834
"1378_RhCNOS",-0.4901626654
"1379_RuCNOS",-0.3501566734
"1380_ScCNOS",-1.3392553534
"1381_SmCNOS",-1.3702568454
"1382_YCNOS",-1.4158452854
"1383_RhCNS",0.3006138233
"1384_RuCNS",0.4933103833
"1385_AlCNS2",-0.3582451648
"1386_BiCNS2",0.0753261132
"1387_ScCNS",-0.7744038968
"1388_CeCNS2",-0.8787882488
"1389_CoCNS2",0.0638600112
"1390_CrCNS2",-0.2513897368
"1391_FeCNS2",0.1270611552
"1392_GaCNS2",-0.0351980508
"1393_GdCNS2",-0.1064085508
"1394_InCNS2",-0.0822000668
"1395_IrCNS2",0.1280543272
"1396_LaCNS2",-0.9817959248
"1397_LuCNS2",-0.9379219348
"1398_SmCNS",-0.8599396193
"1399_NdCNS2",-0.9230659188
"1400_RhCNS2",-0.0124214408
"1401_RuCNS2",0.1653224352
"1402_ScCNS2",-0.8690782028
"1403_SmCNS2",-0.9282162748
"1404_YCNS2",-0.9638992248
"1405_YCNS",-0.9059503342
"1406_AlNOS",-0.4234973818
"1407_BiNOS",0.1474684407
"1408_CeNOS",-1.0944389593
"1409_CoNOS",-0.0651665692
"1410_CrNOS",-0.2234750268
"1411_FeNOS",-0.1072996692
"1412_GaNOS",-0.0800503942
"1413_GdNOS",-0.0408148418
"1414_InNOS",-0.0576068192
"1415_IrNOS",0.1232622232
"1416_LaNOS",-1.1325130618
"1417_LuNOS",-1.0384209543
"1418_NdNOS",-1.0354517818
"1419_RhNOS",-0.0364984317
"1420_RuNOS",-0.0021811117
"1421_ScNOS",-0.9660161943
"1422_SmNOS",-1.0456489643
"1423_YNOS",-1.0504362968
"1424_AlCNOS",-0.5697945314
"1425_BiCNOS",-0.1128524914
"1426_CeCNOS",-1.1140661914
"1427_CoCNOS",-0.1722640454
"1428_CrCNOS",-0.4412427954
"1429_FeCNOS",-0.1262855634
"1430_GaCNOS",-0.2407706674
"1431_GdCNOS",-0.3147573194
"1432_InCNOS",-0.2822446874
"1433_IrCNOS",-0.0075071814
"1434_LaCNOS",-1.2078222994
"1435_LuCNOS",-1.1301887314
"1436_NdCNOS",-1.1327115154
"1437_RhCNOS",-0.1786462034
"1438_RuCNOS",-0.0166986894
"1439_ScCNOS",-1.0646515874
"1440_SmCNOS",-1.1326489114
"1441_YCNOS",-1.1624412494
"1442_AlCNS2",-0.1886269988
"1443_BiCNS2",0.2709830052
"1444_CeCNS2",-0.6825517168
"1445_CoCNS2",0.1179288592
"1446_CrCNS2",-0.0968671168
"1447_FeCNS2",0.1934825692
"1448_GaCNS2",0.0867199672
"1449_GdCNS2",0.0835452752
"1450_InCNS2",0.0380832152
"1451_IrCNS2",0.1388462532
"1452_LaCNS2",-0.7954729348
"1453_LuCNS2",-0.7229345888
"1454_NdCNS2",-0.7318750828
"1455_RhCNS2",0.0692249612
"1456_RuCNS2",0.2348570572
"1457_ScCNS2",-0.6405170788
"1458_SmCNS2",-0.7316470308
"1459_YCNS2",-0.7653579128
"1460_AlHS2",-0.7513794935
"1461_BiHS2",-0.134413546
"1462_CeHS2",-1.3806680935
"1463_CoHS2",-0.330321256
"1464_CrHS2",-0.611050026
"1465_FeHS2",-0.203848671
"1466_GaHS2",-0.3623647285
"1467_GdHS2",-0.400614266
"1468_InHS2",-0.4284828935
"1469_IrHS2",-0.3042515185
"1470_LaHS2",-1.477595796
"1471_LuHS2",-1.412961851
"1472_NdHS2",-1.4068011285
"1473_RhHS2",-0.3843012635
"1474_RuHS2",-0.1822514635
"1475_ScHS2",-1.3312210835
"1476_SmHS2",-1.409803026
"1477_YHS2",-1.4577834135
"1478_AlBrTe",-0.80982266
"1479_BiBrTe",-0.5570615133
"1480_CeBrTe",-1.8690865833
"1481_CoBrTe",-0.4592515567
"1482_CrBrTe",-0.8971726633
"1483_FeBrTe",-0.3199730367
"1484_GaBrTe",-0.5032390567
"1485_GdBrTe",-0.4490725733
"1486_InBrTe",-0.67456895
"1487_IrBrTe",-0.4227963
"1488_LaBrTe",-1.9368439567
"1489_LuBrTe",-1.7546408767
"1490_NdBrTe",-1.86735496
"1491_RhBrTe",-0.6848589167
"1492_RuBrTe",-0.2741754933
"1493_ScBrTe",-1.6794927867
"1494_SmBrTe",-1.8467895033
"1495_YBrTe",-1.8730242133
"1496_AlClTe",-0.8807616733
"1497_BiClTe",-0.6276320367
"1498_CeClTe",-2.1046396167
"1499_CoClTe",-0.5614255
"1500_CrClTe",-1.0143193233
"1501_FeClTe",-0.52572233
"1502_GaClTe",-0.5529988267
"1503_GdClTe",-1.9033976033
"1504_InClTe",-0.7285679667
"1505_IrClTe",-0.47896584
"1506_LaClTe",-2.0880532867
"1507_LuClTe",-1.8704764333
"1508_NdClTe",-1.3621080167
"1509_RhClTe",-0.7561200033
"1510_RuClTe",-0.3544609067
"1511_ScClTe",-1.7993674867
"1512_SmClTe",-1.9634925533
"1513_YClTe",-1.98794163
"1514_AlCNTe",0.3618370575
"1515_BiCNTe",0.44345001
"1516_CeCNTe",-0.4852278775
"1517_CoCNTe",0.50659129
"1518_CrCNTe",0.593351725
"1519_FeCNTe",0.5082152575
"1520_GaCNTe",0.543583385
"1521_GdCNTe",-0.460978665
"1522_InCNTe",0.45696634
"1523_IrCNTe",0.5226350725
"1524_LaCNTe",-0.60805845
"1525_LuCNTe",-0.3933308925
"1526_NdCNTe",-0.5282640325
"1527_RhCNTe",0.3167389825
"1528_RuCNTe",0.6117333325
"1529_ScCNTe",-0.3737560025
"1530_SmCNTe",-0.512049455
"1531_YCNTe",-0.50697264
"1532_AlFTe",-1.2338029767
"1533_BiFTe",-1.1395232867
"1534_CeFTe",-2.4869875
"1535_CoFTe",-0.89002494
"1536_CrFTe",-1.4437306867
"1537_FeFTe",-1.00856611
"1538_GaFTe",-0.8869512433
"1539_GdFTe",-1.0145938567
"1540_InFTe",-1.08287709
"1541_IrFTe",-0.72518481
"1542_LaFTe",-2.6033008433
"1543_LuFTe",-2.3707703967
"1544_NdFTe",-2.4925018667
"1545_RhFTe",-1.0684745233
"1546_RuFTe",-0.6743754567
"1547_ScFTe",-2.3043096867
"1548_SmFTe",-2.4768246667
"1549_YFTe",-2.4861504333
"1550_AlITe",-0.6539929767
"1551_BiITe",-0.4370686867
"1552_CeITe",-1.65422349
"1553_CoITe",-0.2797766567
"1554_CrITe",-0.6998419533
"1555_FeITe",-0.1428493867
"1556_GaITe",-0.3859098833
"1557_GdITe",-1.60696659
"1558_InITe",-0.55436846
"1559_IrITe",-0.3440051533
"1560_LaITe",-1.7931658433
"1561_LuITe",-1.5664427533
"1562_NdITe",-1.6880456733
"1563_RhITe",-0.5517987833
"1564_RuITe",-0.15648768
"1565_ScITe",-1.4849122633
"1566_SmITe",-1.6700738867
"1567_YITe",-1.69048846
"1568_AlCNTe",0.330169
"1569_BiCNTe",0.444494005
"1570_CeCNTe",-0.5330434375
"1571_CoCNTe",0.5233037625
"1572_CrCNTe",0.16412119
"1573_FeCNTe",0.5037007475
"1574_GaCNTe",0.6170112025
"1575_GdCNTe",-0.5070293225
"1576_InCNTe",0.423055635
"1577_IrCNTe",0.60072882
"1578_LaCNTe",-0.6543253825
"1579_LuCNTe",-0.480906555
"1580_NdCNTe",-0.57364851
"1581_AlCNOTe",-0.431722886
"1582_BiCNOTe",-0.321054708
"1583_CeCNOTe",-1.109686856
"1584_CoCNOTe",-0.311850284
"1585_CrCNOTe",-0.580810158
"1586_FeCNOTe",-0.324826586
"1587_GaCNOTe",-0.251993286
"1588_GdCNOTe",-0.306737694
"1589_InCNOTe",-0.356717404
"1590_IrCNOTe",-0.253394
"1591_LaCNOTe",-1.175360794
"1592_LuCNOTe",-1.060679184
"1593_NdCNOTe",-1.087739482
"1594_RhCNOTe",-0.4318485
"1595_RuCNOTe",-0.188675118
"1596_ScCNOTe",-1.03172164
"1597_SmCNOTe",-1.105460798
"1598_YCNOTe",-1.130962944
"1599_RhCNTe",0.368762345
"1600_RuCNTe",0.667073315
"1601_AlCNSTe",0.0512741986
"1602_BiCNSTe",0.1065193066
"1603_ScCNTe",-0.4051506675
"1604_CeCNSTe",-0.6297089494
"1605_CoCNSTe",0.1677496626
"1606_CrCNSTe",-0.1198544794
"1607_FeCNSTe",0.1455646806
"1608_GaCNSTe",0.2288663926
"1609_GdCNSTe",-0.6373107174
"1610_InCNSTe",0.0962849026
"1611_IrCNSTe",0.2077403726
"1612_LaCNSTe",-0.7429088954
"1613_LuCNSTe",-0.6225903734
"1614_SmCNTe",-0.559275185
"1615_NdCNSTe",-0.6670910234
"1616_RhCNSTe",0.0294609366
"1617_RuCNSTe",0.2684109846
"1618_ScCNSTe",-0.5909877334
"1619_SmCNSTe",-0.6788644554
"1620_YCNSTe",-0.6922378414
"1621_YCNTe",-0.57339786
"1622_AlNOTe",-0.1974023775
"1623_BiNOTe",0.14490084
"1624_CeNOTe",-1.0147855075
"1625_CoNOTe",0.0407528225
"1626_CrNOTe",-0.2497838175
"1627_FeNOTe",-0.00466937
"1628_GaNOTe",0.128261705
"1629_GdNOTe",-0.7358007175
"1630_InNOTe",0.09906444
"1631_IrNOTe",0.249646055
"1632_LaNOTe",-0.866031065
"1633_LuNOTe",-0.7261401775
"1634_NdNOTe",-0.76169049
"1635_RhNOTe",-0.0102379425
"1636_RuNOTe",0.1121479675
"1637_ScNOTe",-1.0109904375
"1638_SmNOTe",-0.7249229225
"1639_YNOTe",-0.7869625675
"1640_AlCNOTe",-0.178856166
"1641_BiCNOTe",-0.10624584
"1642_CeCNOTe",-0.87990798
"1643_CoCNOTe",-0.000591928
"1644_CrCNOTe",-0.293729472
"1645_FeCNOTe",-0.007805362
"1646_GaCNOTe",0.030905926
"1647_GdCNOTe",-0.065943288
"1648_InCNOTe",-0.094301334
"1649_IrCNOTe",0.077363964
"1650_LaCNOTe",-0.973839704
"1651_LuCNOTe",-0.817740456
"1652_NdCNOTe",-0.891401922
"1653_RhCNOTe",-0.121922034
"1654_RuCNOTe",0.115662292
"1655_ScCNOTe",-0.75729496
"1656_SmCNOTe",-0.890214766
"1657_YCNOTe",-0.870390678
"1658_AlCNSTe",0.0424866326
"1659_BiCNSTe",0.5477507786
"1660_CeCNSTe",-0.2864316034
"1661_CoCNSTe",0.1725505906
"1662_CrCNSTe",-0.0238789434
"1663_FeCNSTe",0.2639743326
"1664_GaCNSTe",0.2250178906
"1665_GdCNSTe",-0.4882357694
"1666_InCNSTe",0.1583388486
"1667_IrCNSTe",0.1387743226
"1668_LaCNSTe",-0.5915659014
"1669_LuCNSTe",-0.4743385814
"1670_NdCNSTe",-0.2058823614
"1671_RhCNSTe",0.0415990126
"1672_RuCNSTe",0.2561445766
"1673_ScCNSTe",-0.4233157894
"1674_SmCNSTe",-0.5216200134
"1675_YCNSTe",-0.5313721414
"1676_AlHSTe",-0.4244156042
"1677_BiHSTe",-0.1496836467
"1678_CeHSTe",-1.1250343468
"1679_CoHSTe",-0.2661664043
"1680_CrHSTe",-0.5123564718
"1681_FeHSTe",-0.1464843643
"1682_GaHSTe",-0.1764371693
"1683_GdHSTe",-1.0991148593
"1684_InHSTe",-0.2929101968
"1685_IrHSTe",-0.2892353443
"1686_LaHSTe",-1.2179376668
"1687_LuHSTe",-1.0912903268
"1688_NdHSTe",-1.1509812718
"1689_RhHSTe",-0.4074695667
"1690_RuHSTe",-0.1373368343
"1691_ScHSTe",-1.0460539418
"1692_SmHSTe",-1.1414029143
"1693_YHSTe",-1.1752809793
"1694_BaBrCl",-2.6188020133
"1695_BeBrCl",-1.1654298467
"1696_CaBrCl",-2.5510975433
"1697_CdBrCl",-1.2148028367
"1698_CoBrCl",-0.6985226367
"1699_CuBrCl",-0.5345508833
"1700_FeBrCl",-0.7019455367
"1701_MgBrCl",-1.9768317633
"1702_MnBrCl",-0.89300773
"1703_NiBrCl",-0.9867885967
"1704_PbBrCl",-1.1498538433
"1705_PdBrCl",-0.5189258667
"1706_PtBrCl",-0.11696296
"1707_SrBrCl",-2.6105821433
"1708_ZnBrCl",-1.1556365067
"1709_BaBrCN",-1.0308342225
"1710_BeBrCN",0.1507802925
"1711_CaBrCN",-0.936434485
"1712_CdBrCN",0.04846089
"1713_CoBrCN",0.284017535
"1714_CuBrCN",0.5139304825
"1715_FeBrCN",0.2580542875
"1716_MgBrCN",-0.4806723825
"1717_MnBrCN",-0.1437341525
"1718_NiBrCN",0.2392815175
"1720_PdBrCN",0.52063444
"1721_PtBrCN",0.6742552325
"1722_SrBrCN",-1.00105321
"1723_ZnBrCN",0.1165338025
"1724_BaCClN",-1.12763585
"1725_BeCClN",-0.02502197
"1726_CaCClN",-1.0502204475
"1727_CdCClN",-0.0352421125
"1728_CoCClN",0.264393735
"1729_CuCClN",0.4152957425
"1730_FeCClN",0.13294061
"1731_MgCClN",-0.622663015
"1732_MnCClN",-0.32333997
"1733_NiCClN",0.1162729075
"1734_PbCClN",-0.003460275
"1735_PdCClN",0.4421762925
"1736_PtCClN",0.592477305
"1737_SrCClN",-1.107237635
"1738_ZnCClN",-0.0029694175
"1739_BaCFN",-1.53439382
"1740_BeCFN",-0.596093775
"1741_CaCFN",-1.536982505
"1742_CdCFN",-0.4195424075
"1743_CoCFN",-0.2474864575
"1744_CuCFN",0.0464409625
"1745_FeCFN",-0.2629908775
"1746_MgCFN",-1.1699605575
"1747_MnCFN",-0.450973615
"1748_NiCFN",-0.291167755
"1750_PdCFN",0.1332016375
"1751_PtCFN",0.281850025
"1752_SrCFN",-1.556125315
"1753_ZnCFN",-0.432627585
"1754_BaCIN",-0.8801135375
"1755_BeCIN",0.4193089125
"1756_CaCIN",-0.75734074
"1757_CdCIN",0.2109393725
"1758_CoCIN",0.5673109525
"1759_CuCIN",0.66476745
"1760_FeCIN",0.460822135
"1761_MgCIN",-0.25451783
"1762_MnCIN",0.0588108825
"1763_NiCIN",0.44303521
"1764_PbCIN",0.1531211975
"1765_PdCIN",0.6182228575
"1766_PtCIN",0.770097355
"1767_SrCIN",-0.8383543425
"1768_ZnCIN",0.31462431
"1769_BaBrF",-3.14793733
"1770_BeBrF",-1.6694612133
"1771_CaBrF",-3.1003566333
"1772_CdBrF",-1.63348886
"1773_CoBrF",-1.34419721
"1774_CuBrF",-0.95312874
"1775_FeBrF",-1.37013873
"1776_MgBrF",-2.56236434
"1777_MnBrF",-1.3552231
"1778_NiBrF",-1.3932826533
"1779_PbBrF",-1.6777859433
"1780_PdBrF",-0.8165149733
"1781_PtBrF",-0.2894036
"1782_SrBrF",-3.1768899333
"1783_ZnBrF",-1.5911347767
"1784_BaClF",-3.2883944267
"1785_BeClF",-2.03252351
"1786_CaClF",-3.3246273267
"1787_CdClF",-1.7689887333
"1788_CoClF",-1.5502932567
"1789_CuClF",-1.0903429167
"1790_FeClF",-1.2995795233
"1791_MgClF",-2.8217227867
"1792_MnClF",-2.12607432
"1793_NiClF",-1.6043320267
"1794_PbClF",-1.7608386067
"1795_PdClF",-0.89488708
"1796_PtClF",-0.33181031
"1798_ZnClF",-1.7971996267
"1799_BaBrI",-2.2989944133
"1800_BeBrI",-0.7091369333
"1801_CaBrI",-2.1847351833
"1802_CdBrI",-0.9532888467
"1803_CoBrI",-0.4431316533
"1804_CuBrI",-0.3191076833
"1805_FeBrI",-0.37234882
"1806_MgBrI",-1.5588953533
"1807_MnBrI",-0.5570531467
"1808_NiBrI",-0.6546113467
"1809_PbBrI",-0.9429968133
"1810_PdBrI",-0.38319584
"1811_PtBrI",-0.1149426633
"1812_SrBrI",-2.2661998233
"1813_ZnBrI",-0.82563062
"1814_BaClI",-2.4195076767
"1815_BeClI",-0.8052224033
"1816_CaClI",-2.3164172333
"1817_CdClI",-1.0234074633
"1818_CoClI",-0.5243318967
"1819_CuClI",-0.3976162367
"1820_FeClI",-0.4529564367
"1821_MgClI",-1.6818011933
"1822_MnClI",-0.65449505
"1823_NiClI",-0.74442389
"1824_PbClI",-1.0198630467
"1825_PdClI",-0.42229689
"1826_PtClI",-0.13030526
"1827_SrClI",-2.39491391
"1828_ZnClI",-0.9017089133
"1829_BaFI",-2.9268131733
"1830_BeFI",-1.1552764133
"1831_CaFI",-2.8501943033
"1832_CdFI",-1.39359876
"1833_CoFI",-1.0063448
"1834_CuFI",-0.7616090333
"1835_FeFI",-0.72339992
"1836_MgFI",-2.1463524633
"1837_MnFI",-1.6876454
"1838_NiFI",-1.0632358533
"1839_PbFI",-1.5235122333
"1840_PdFI",-0.6203747767
"1841_PtFI",-0.34707764
"1842_SrFI",-2.91832171
"1843_ZnFI",-1.2457349567
"1844_BaBrCN",-1.084540675
"1845_BeBrCN",0.0665127775
"1846_CaBrCN",-1.0223620925
"1847_CdBrCN",0.02135378
"1848_CoBrCN",0.27286361
"1849_CuBrCN",0.533055825
"1850_FeBrCN",0.2358510975
"1851_MgBrCN",-0.5767563825
"1852_MnBrCN",-0.19728789
"1853_NiBrCN",0.2005576425
"1854_PbBrCN",0.04674366
"1855_PdBrCN",0.55546472
"1856_PtBrCN",0.85126992
"1857_SrBrCN",-1.0734869425
"1858_ZnBrCN",0.08121471
"1859_BaCClN",-1.18565228
"1860_BeCClN",-0.1388620925
"1861_CaCClN",-0.979485095
"1862_CdCClN",-0.0662490375
"1863_CoCClN",0.1393537275
"1864_CuCClN",0.44516986
"1865_FeCClN",0.2671570325
"1866_MgCClN",-0.7373324425
"1867_MnCClN",-0.2752113675
"1868_NiCClN",0.06885764
"1869_PbCClN",-0.01343737
"1870_PdCClN",0.489837855
"1871_PtCClN",0.8112375975
"1872_SrCClN",-1.1838885025
"1873_ZnCClN",-0.04874584
"1874_BaC2N2",-0.20223686
"1875_BeC2N2",0.669092076
"1876_CaC2N2",-0.133244608
"1877_CdC2N2",0.703052884
"1878_CoC2N2",0.90368803
"1879_CuC2N2",1.046617698
"1880_FeC2N2",0.815914084
"1881_MgC2N2",0.195102154
"1882_MnC2N2",0.72460845
"1883_NiC2N2",0.812801822
"1884_PbC2N2",0.735240906
"1885_PdC2N2",1.045825352
"1886_PtC2N2",1.17074132
"1887_SrC2N2",-0.178318674
"1888_ZnC2N2",0.71828171
"1889_BaCFN",-1.5880700975
"1890_BeCFN",-0.77493283
"1891_CaCFN",-1.6504213525
"1892_CdCFN",-0.4469945375
"1893_CoCFN",-0.2958935025
"1894_CuCFN",0.0608753525
"1895_FeCFN",-0.1273785725
"1896_MgCFN",-1.31478056
"1897_MnCFN",-0.453999395
"1898_NiCFN",-0.3528978475
"1899_PbCFN",-0.40999555
"1900_PdCFN",0.198752885
"1902_SrCFN",-1.6520344975
"1903_ZnCFN",-0.48667206
"1904_BaCIN",-0.9293155275
"1905_BeCIN",0.380481185
"1906_CaCIN",-0.8275771125
"1907_CdCIN",0.18205919
"1908_CoCIN",0.5532964
"1909_CuCIN",0.647143935
"1910_FeCIN",0.6348698575
"1911_MgCIN",-0.32753488
"1912_MnCIN",-0.0006651825
"1913_NiCIN",0.408259215
"1914_PbCIN",0.145546625
"1916_PtCIN",0.88411355
"1918_ZnCIN",0.29682384
"1919_BaBrCNO",-1.50172847
"1920_BeBrCNO",-0.704468978
"1921_CaBrCNO",-1.4961631
"1922_CdBrCNO",-0.694109144
"1923_CoBrCNO",-0.515569842
"1924_CuBrCNO",-0.307740614
"1925_FeBrCNO",-0.542833138
"1926_MgBrCNO",-1.174404968
"1927_MnBrCNO",-0.875124396
"1928_NiBrCNO",-0.57613817
"1929_PbBrCNO",-0.646094374
"1930_PdBrCNO",-0.283745532
"1931_PtBrCNO",-0.00889099
"1932_SrBrCNO",-1.513151034
"1933_ZnBrCNO",-0.674592936
"1934_BaCClNO",-1.584181074
"1935_BeCClNO",-0.875700606
"1937_CdCClNO",-0.765535266
"1938_CoCClNO",-0.626922504
"1939_CuCClNO",-0.382553154
"1940_FeCClNO",-0.656389874
"1942_MnCClNO",-0.972717804
"1943_NiCClNO",-0.69715412
"1944_PbCClNO",-0.69545181
"1945_PdCClNO",-0.349928588
"1946_PtCClNO",-0.056783364
"1947_SrCClNO",-1.603459472
"1949_BaC2N2O",-0.6940030033
"1950_BeC2N2O",-0.0741963617
"1951_CaC2N2O",-0.68113
"1952_CdC2N2O",-0.0173769283
"1953_CoC2N2O",0.1265344567
"1954_CuC2N2O",0.2543150417
"1955_FeC2N2O",0.0488520967
"1956_MgC2N2O",-0.445421915
"1957_MnC2N2O",-0.107424315
"1958_NiC2N2O",0.0413362817
"1959_PbC2N2O",0.0358950417
"1960_PdC2N2O",0.26945247
"1961_PtC2N2O",0.369383095
"1962_SrC2N2O",-0.6966073067
"1963_ZnC2N2O",-0.02452294
"1964_BaCFNO",-1.939808236
"1965_BeCFNO",-1.383069242
"1966_CaCFNO",-2.022249808
"1968_CoCFNO",-0.99466131
"1969_CuCFNO",-0.707673882
"1970_FeCFNO",-1.004864552
"1971_MgCFNO",-1.795279938
"1973_NiCFNO",-1.040382688
"1974_PbCFNO",-1.023185908
"1975_PdCFNO",-0.3134998
"1977_SrCFNO",-2.001302708
"1978_ZnCFNO",-1.14354643
"1979_BaCINO",-1.37492193
"1980_BeCINO",-0.431660072
"1981_CaCINO",-1.330517932
"1982_CdCINO",-0.55470937
"1983_CoCINO",-0.32930744
"1984_CuCINO",-0.193501232
"1985_FeCINO",-0.285396662
"1986_MgCINO",-0.941174512
"1987_MnCINO",-0.70761203
"1988_NiCINO",-0.400203232
"1989_PbCINO",-0.557843206
"1990_PdCINO",-0.20057806
"1991_PtCINO",-0.01359381
"1992_SrCINO",-1.370130684
"1993_ZnCINO",-0.483397652
"1994_BaC2N2O",-0.7397976767
"1995_BeC2N2O",-0.1700788033
"1996_CaC2N2O",-0.7540379867
"1997_CdC2N2O",-0.0390561933
"1998_CoC2N2O",0.059392255
"1999_CuC2N2O",0.2692695483
"2000_FeC2N2O",0.0283075633
"2001_MgC2N2O",-0.5381760283
"2002_MnC2N2O",-0.1878638233
"2003_NiC2N2O",0.004429695
"2004_PbC2N2O",0.0275657783
"2005_PdC2N2O",0.3187915933
"2006_PtC2N2O",0.5385288983
"2007_SrC2N2O",-0.7585322433
"2008_ZnC2N2O",-0.0620835833
"2009_BaBrCNS",-1.0659643934
"2010_BeBrCNS",-0.1760482214
"2011_CaBrCNS",-1.0440673894
"2012_CdBrCNS",-0.2262139194
"2013_CoBrCNS",-0.0368233534
"2014_CuBrCNS",0.1495823466
"2015_FeBrCNS",-0.0638661454
"2017_MnBrCNS",-0.3985684154
"2018_NiBrCNS",-0.0979405834
"2019_PbBrCNS",-0.2056133994
"2020_PdBrCNS",0.1568523686
"2021_PtBrCNS",0.3913509746
"2022_SrBrCNS",-1.0684653514
"2023_ZnBrCNS",-0.1866093354
"2024_BaCClNS",-1.1474697314
"2025_BeCClNS",-0.3108031194
"2026_CaCClNS",-1.1420260614
"2027_CdCClNS",-0.2976996014
"2028_CoCClNS",-0.1341863814
"2029_CuCClNS",0.0726540326
"2030_FeCClNS",-0.1618149374
"2031_MgCClNS",-0.8226027414
"2032_MnCClNS",-0.4823787754
"2033_NiCClNS",-0.1971126934
"2034_PbCClNS",-0.2545042994
"2035_PdCClNS",0.1004116806
"2036_PtCClNS",0.3487566186
"2037_SrCClNS",-1.1588487334
"2038_ZnCClNS",-0.2824660874
"2039_BaC2N2S",-0.3340354628
"2040_BeC2N2S",0.4096028222
"2041_CaC2N2S",-0.3058506162
"2042_CdC2N2S",0.3741045155
"2043_CoC2N2S",0.5600768205
"2044_CuC2N2S",0.6500643638
"2045_FeC2N2S",0.6029435788
"2046_MgC2N2S",-0.0330907328
"2047_MnC2N2S",0.2712550022
"2048_NiC2N2S",0.4677947922
"2049_PbC2N2S",0.4029009122
"2050_PdC2N2S",0.6515063072
"2051_PtC2N2S",0.7627362638
"2052_SrC2N2S",-0.3292050762
"2053_ZnC2N2S",0.3989102288
"2054_BaCFNS",-1.4842868794
"2055_BeCFNS",-0.6965755174
"2056_CaCFNS",-1.5506088194
"2057_CdCFNS",-0.5924991774
"2058_CoCFNS",-0.4537561514
"2059_CuCFNS",-0.2254410054
"2060_FeCFNS",-0.4744999994
"2061_MgCFNS",-1.2484481194
"2062_MnCFNS",-0.7817398934
"2063_NiCFNS",-0.5042690614
"2064_PbCFNS",-0.5754245914
"2065_PdCFNS",-0.1250066474
"2066_PtCFNS",0.1644529106
"2067_SrCFNS",-1.5442423354
"2068_ZnCFNS",-0.5991177254
"2069_BaCINS",-0.9410744514
"2070_BeCINS",0.0541814006
"2071_CaCINS",-0.8857528074
"2072_CdCINS",-0.0928533494
"2073_CoCINS",0.1861425246
"2074_CuCINS",0.2566150666
"2075_FeCINS",0.2436878326
"2076_MgCINS",-0.4942158014
"2077_MnCINS",-0.2469348314
"2078_NiCINS",0.0681925086
"2079_PbCINS",-0.1219770254
"2080_PdCINS",0.2401924946
"2081_PtCINS",0.4826275746
"2082_SrCINS",-0.9282776214
"2083_ZnCINS",-0.0138071554
"2084_BaC2N2S",-0.3770689712
"2085_BeC2N2S",0.3364919638
"2086_CaC2N2S",-0.3756609278
"2087_CdC2N2S",0.3556141322
"2088_CoC2N2S",0.4877556472
"2089_CuC2N2S",0.6570484322
"2090_FeC2N2S",0.5671004122
"2091_MgC2N2S",-0.1133558462
"2092_MnC2N2S",0.2118029105
"2093_NiC2N2S",0.4349291672
"2094_BaC2N2OS",-0.7844637839
"2095_BeC2N2OS",-0.254529921
"2096_CaC2N2OS",-0.817591571
"2097_CdC2N2OS",-0.2089855424
"2098_CoC2N2OS",-0.1147243639
"2099_CuC2N2OS",0.0328085547
"2100_FeC2N2OS",-0.1391858924
"2101_MgC2N2OS",-0.6182815739
"2102_MnC2N2OS",-0.3536196881
"2103_NiC2N2OS",-0.1651791796
"2104_PbC2N2OS",-0.1570783981
"2105_PdC2N2OS",0.0647588561
"2106_PtC2N2OS",0.2460197904
"2108_ZnC2N2OS",-0.2152802381
"2109_PbC2N2S",0.3949030105
"2110_PdC2N2S",0.6918644872
"2111_PtC2N2S",0.9061149122
"2112_SrC2N2S",-0.3880739678
"2113_ZnC2N2S",0.3672974288
"2114_BaBrNO",-1.2476384575
"2115_BeBrNO",-0.206560055
"2116_CaBrNO",-1.18983496
"2117_CdBrNO",-0.1617153775
"2118_CoBrNO",-0.12055344
"2119_CuBrNO",-0.002308195
"2120_FeBrNO",-0.15955873
"2121_MgBrNO",-0.7679194825
"2122_MnBrNO",-0.5932204925
"2123_NiBrNO",-0.2268541075
"2124_PbBrNO",-0.1927882425
"2125_PdBrNO",-0.0655542025
"2127_SrBrNO",-1.230366175
"2128_ZnBrNO",-0.15253787
"2129_BaClNO",-1.3446352325
"2130_BeClNO",-0.3987850725
"2131_CaClNO",-1.3079258375
"2132_CdClNO",-0.2511317625
"2133_CoClNO",-0.2092170625
"2134_CuClNO",-0.146296375
"2135_FeClNO",-0.35692646
"2136_MgClNO",-0.921387625
"2137_MnClNO",-0.738973195
"2138_NiClNO",-0.3861818075
"2139_PbClNO",-0.2491213225
"2140_PdClNO",-0.182811545
"2141_PtClNO",-0.0266940275
"2142_SrClNO",-1.3388372875
"2143_ZnClNO",-0.301208095
"2145_BeCN2O",0.437359518
"2146_CaCN2O",-0.264044584
"2147_CdCN2O",0.522990846
"2148_CoCN2O",0.444329426
"2149_CuCN2O",0.555936774
"2150_FeCN2O",0.403566598
"2151_MgCN2O",0.044819828
"2152_MnCN2O",0.268561032
"2153_NiCN2O",0.373022888
"2154_PbCN2O",0.534382552
"2155_PdCN2O",0.471769442
"2156_PtCN2O",0.525236798
"2157_SrCN2O",-0.305213026
"2158_ZnCN2O",0.488506526
"2159_BaFNO",-1.761428825
"2160_BeFNO",-1.239815325
"2162_CdFNO",-0.63584881
"2163_CoFNO",-0.6821322
"2164_CuFNO",-0.62832753
"2165_FeFNO",-0.78921079
"2166_MgFNO",-1.4834191475
"2167_MnFNO",-1.10473427
"2168_NiFNO",-0.80653214
"2169_PbFNO",-0.6490778825
"2171_PtFNO",-0.3893929875
"2172_SrFNO",-1.7959662925
"2173_ZnFNO",-0.785750935
"2174_BaINO",-1.097021425
"2175_BeINO",0.1076941675
"2176_CaINO",-0.98461814
"2177_CdINO",-0.023834005
"2178_CoINO",0.1055303575
"2179_CuINO",0.1926928175
"2180_FeINO",0.09023075
"2181_MgINO",-0.5181117
"2182_MnINO",-0.2940648825
"2183_NiINO",0.0154416575
"2184_PbINO",-0.09607133
"2185_PdINO",0.10046225
"2186_PtINO",0.278130525
"2187_SrINO",-1.0646883375
"2189_BaCN2O",-0.379046434
"2190_BeCN2O",0.299027726
"2191_CaCN2O",-0.342107832
"2192_CdCN2O",0.519359614
"2193_CoCN2O",0.467510952
"2194_CuCN2O",0.555167006
"2195_FeCN2O",0.418820032
"2196_MgCN2O",-0.054795594
"2197_MnCN2O",0.257191658
"2198_NiCN2O",0.360018088
"2199_BaCN2O2",-0.845554145
"2200_BeCN2O2",-0.3916003417
"2201_CaCN2O2",-0.8648101083
"2202_CdCN2O2",-0.1719961283
"2203_CoCN2O2",-0.2309150317
"2204_CuCN2O2",-0.157204545
"2205_FeCN2O2",-0.2833845283
"2206_MgCN2O2",-0.6631369633
"2207_MnCN2O2",-0.4490052417
"2208_NiCN2O2",-0.330952795
"2209_PbCN2O2",-0.1343224233
"2210_PdCN2O2",-0.1615632117
"2211_PtCN2O2",-0.0697492883
"2212_SrCN2O2",-0.860286055
"2213_ZnCN2O2",-0.2503821667
"2214_PbCN2O",0.533747174
"2215_PdCN2O",0.5400442
"2216_PtCN2O",0.655427706
"2217_BaCN2OS",-0.4830012745
"2218_BeCN2OS",0.1655567722
"2219_CaCN2OS",-0.4850157978
"2220_CdCN2OS",0.2248799955
"2221_CoCN2OS",0.2236795938
"2222_CuCN2OS",0.2783609472
"2223_FeCN2OS",0.1932913988
"2224_MgCN2OS",-0.2366852412
"2225_MnCN2OS",0.0253494205
"2226_NiCN2OS",0.1311636705
"2227_PbCN2OS",0.2308724055
"2228_PdCN2OS",0.2464551255
"2229_PtCN2OS",0.3421731238
"2231_SrCN2OS",-0.4893166712
"2232_ZnCN2OS",0.1945666838
"2233_ZnCN2O",0.453370076
"2234_BaBrCNO",-1.351414216
"2235_BeBrCNO",-0.397905362
"2236_CaBrCNO",-1.265050734
"2237_CdBrCNO",-0.396228998
"2238_CoBrCNO",-0.14510605
"2239_CuBrCNO",-0.035567252
"2240_FeBrCNO",-0.235659572
"2241_MgBrCNO",-0.911135678
"2242_MnBrCNO",-0.601772224
"2243_NiBrCNO",-0.262537264
"2244_PbBrCNO",-0.41995191
"2246_PtBrCNO",0.31377945
"2247_SrBrCNO",-1.318015324
"2248_ZnBrCNO",-0.35548262
"2249_BaCClNO",-1.429726344
"2250_BeCClNO",-0.580387556
"2251_CaCClNO",-1.36809581
"2252_CdCClNO",-0.469029912
"2253_CoCClNO",-0.337337894
"2254_CuCClNO",-0.127311894
"2255_FeCClNO",-0.346539096
"2256_MgCClNO",-1.04046708
"2257_MnCClNO",-0.694049326
"2258_NiCClNO",-0.380046468
"2259_PbCClNO",-0.465145824
"2260_PdCClNO",0.0523556
"2261_PtCClNO",0.294276128
"2262_SrCClNO",-1.406240184
"2263_ZnCClNO",-0.478375026
"2264_BaC2N2O",-0.5699481533
"2265_BeC2N2O",0.1745842517
"2266_CaC2N2O",-0.4898334617
"2267_CdC2N2O",0.2250428417
"2268_CoC2N2O",0.3291113417
"2269_CuC2N2O",0.47543273
"2270_FeC2N2O",0.3116272767
"2271_MgC2N2O",-0.219073805
"2273_NiC2N2O",0.2959431583
"2274_PbC2N2O",0.24362937
"2275_PdC2N2O",0.5249759333
"2276_PtC2N2O",0.650042905
"2277_SrC2N2O",-0.5324021383
"2278_ZnC2N2O",0.22858308
"2280_BeCFNO",-1.130010672
"2281_CaCFNO",-1.795478342
"2282_CdCFNO",-0.780693674
"2283_CoCFNO",-0.70275647
"2284_CuCFNO",-0.445586144
"2285_FeCFNO",-0.701959234
"2286_MgCFNO",-1.543829294
"2287_MnCFNO",-1.0822682
"2288_NiCFNO",-0.740503712
"2289_PbCFNO",-0.782123294
"2290_PdCFNO",-0.266518182
"2291_PtCFNO",0.106168158
"2292_SrCFNO",-1.788645996
"2293_ZnCFNO",-0.837550544
"2294_BaCINO",-1.226827236
"2295_BeCINO",-0.129693408
"2296_CaCINO",-1.1197035
"2297_CdCINO",-0.276169596
"2298_CoCINO",0.024881438
"2299_CuCINO",0.08217211
"2300_FeCINO",-0.050073114
"2301_MgCINO",-0.686940844
"2302_MnCINO",-0.456249246
"2303_NiCINO",-0.09294789
"2304_PbCINO",-0.354068178
"2305_PdCINO",0.083227772
"2306_PtCINO",0.258991822
"2307_SrCINO",-1.184883982
"2308_ZnCINO",-0.185874064
"2309_BaC2N2O",-0.61167854
"2311_CaC2N2O",-0.5605238783
"2312_CdC2N2O",0.2090149483
"2313_CoC2N2O",0.377200855
"2314_CuC2N2O",0.48276519
"2315_FeC2N2O",0.2661622067
"2316_MgC2N2O",-0.3138386567
"2317_MnC2N2O",0.3607375067
"2318_NiC2N2O",0.2582891033
"2319_BaC2N2O2",-0.9717665157
"2320_BeC2N2O2",-0.4967233657
"2321_CaC2N2O2",-0.9777052829
"2322_CdC2N2O2",-0.3369604243
"2323_CoC2N2O2",-0.2142184914
"2324_CuC2N2O2",-0.1212037886
"2325_FeC2N2O2",-0.3016772929
"2326_MgC2N2O2",-0.79848351
"2327_MnC2N2O2",-0.5447580171
"2328_NiC2N2O2",-0.3189097929
"2329_PbC2N2O2",-0.2938515857
"2330_PdC2N2O2",-0.0431342971
"2331_PtC2N2O2",0.1799539843
"2332_SrC2N2O2",-0.9791122057
"2333_ZnC2N2O2",-0.3703193486
"2334_PbC2N2O",0.23025334
"2335_PdC2N2O",0.5702823433
"2336_PtC2N2O",0.8185183083
"2337_BaC2N2OS",-0.6613595081
"2338_BeC2N2OS",-0.052535281
"2339_CaC2N2OS",-0.6545986296
"2340_CdC2N2OS",-0.0015823681
"2341_CoC2N2OS",0.142540199
"2342_CuC2N2OS",0.216317799
"2343_FeC2N2OS",0.0447263019
"2344_MgC2N2OS",-0.4315468639
"2345_MnC2N2OS",-0.1963037096
"2346_NiC2N2OS",0.0465436261
"2347_PbC2N2OS",0.0173198004
"2348_PdC2N2OS",0.283337459
"2349_PtC2N2OS",0.4825219876
"2350_SrC2N2O",-0.5881425783
"2351_SrC2N2OS",-0.6642409681
"2352_ZnC2N2OS",-0.003282271
"2353_ZnC2N2O",0.194233475
"2354_BaCN2O2",-0.7182449
"2355_BeCN2O2",-0.17820359
"2356_CaCN2O2",-0.67357275
"2357_CdCN2O2",0.0729632533
"2358_CoCN2O2",0.0353337617
"2359_CuCN2O2",0.072533175
"2360_FeCN2O2",-0.0554480333
"2361_MgCN2O2",-0.4380659767
"2362_MnCN2O2",-0.3112307333
"2363_NiCN2O2",-0.075064845
"2364_PbCN2O2",0.0689703883
"2365_PdCN2O2",0.0944337767
"2366_PtCN2O2",0.226913865
"2367_SrCN2O2",-0.6857063617
"2368_ZnCN2O2",-0.0001644117
"2369_BaBrHO",-2.07061285
"2370_BeBrHO",-1.145410435
"2371_CaBrHO",-2.111388865
"2372_CdBrHO",-1.0815320275
"2373_CoBrHO",-0.8740476225
"2374_CuBrHO",-0.609518435
"2375_FeBrHO",-0.8890310875
"2376_MgBrHO",-1.7424667725
"2377_MnBrHO",-1.36901487
"2378_NiBrHO",-0.944906355
"2379_PbBrHO",-1.0200170625
"2380_PdBrHO",-0.531623295
"2381_PtBrHO",-0.1566366625
"2382_SrBrHO",-2.11314372
"2383_ZnBrHO",-1.06896562
"2384_BaClHO",-2.1752264225
"2385_BeClHO",-1.407254935
"2386_CaClHO",-2.24418371
"2387_CdClHO",-1.1823644975
"2388_CoClHO",-1.0248658175
"2389_CuClHO",-0.7199857925
"2390_FeClHO",-1.04407508
"2391_MgClHO",-1.9298150525
"2392_MnClHO",-1.4525623125
"2393_NiClHO",-1.1013677275
"2394_PbClHO",-1.082251135
"2395_PdClHO",-0.6129425275
"2396_PtClHO",-0.196087695
"2397_SrClHO",-2.230423905
"2398_ZnClHO",-1.222779895
"2399_BaCHNO",-0.994524998
"2400_BeCHNO",-0.377674732
"2401_CaCHNO",-1.02992148
"2402_CdCHNO",-0.215800718
"2403_CoCHNO",-0.11269604
"2404_CuCHNO",0.106648464
"2405_FeCHNO",-0.133506724
"2406_MgCHNO",-0.779746334
"2407_MnCHNO",-0.407645696
"2408_NiCHNO",-0.154249992
"2409_PbCHNO",-0.142713632
"2410_PdCHNO",0.17331673
"2411_PtCHNO",0.291648868
"2412_SrCHNO",-1.026443824
"2413_ZnCHNO",-0.24483942
"2414_BaFHO",-2.6366309375
"2415_BeFHO",-2.20478163
"2416_CaFHO",-2.7818810175
"2417_CdFHO",-1.5677389975
"2418_CoFHO",-1.5007970525
"2419_CuFHO",-1.1341004925
"2420_FeFHO",-1.51057727
"2421_MgFHO",-2.5686474375
"2422_MnFHO",-1.933702515
"2423_NiFHO",-1.561757755
"2424_PbFHO",-1.48381345
"2425_PdFHO",-0.7674264825
"2427_SrFHO",-2.7307894575
"2428_ZnFHO",-1.6935786875
"2429_BaHIO",-1.9094986575
"2430_BeHIO",-0.7538151025
"2431_CaHIO",-1.89402981
"2432_CdHIO",-0.8947340075
"2433_CoHIO",-0.5339834675
"2435_FeHIO",-0.463362375
"2436_MgHIO",-1.436100275
"2437_MnHIO",-1.110777835
"2439_PbHIO",-0.909296185
"2440_PdHIO",-0.372953605
"2441_PtHIO",-0.1699279325
"2442_SrHIO",-1.925087775
"2443_ZnHIO",-0.8098630975
"2444_BaCHNO",-1.052684356
"2445_BeCHNO",-0.506837244
"2446_CaCHNO",-1.117213882
"2447_CdCHNO",-0.238216992
"2448_CoCHNO",-0.144387534
"2449_CuCHNO",0.11672403
"2450_FeCHNO",-0.167558824
"2451_MgCHNO",-0.897071072
"2452_MnCHNO",-0.468709928
"2453_NiCHNO",-0.203154498
"2454_BaCHNO2",-1.4280285083
"2455_BeCHNO2",-1.0592452267
"2456_CaCHNO2",-1.5191421933
"2457_CdCHNO2",-0.7993569617
"2458_CoCHNO2",-0.740117605
"2459_CuCHNO2",-0.5225232517
"2460_FeCHNO2",-0.780355055
"2461_MgCHNO2",-1.3614968967
"2462_MnCHNO2",-1.05413364
"2463_NiCHNO2",-0.7969455817
"2464_PbCHNO2",-0.7016165417
"2465_PdCHNO2",-0.42962709
"2466_PtCHNO2",-0.1923580317
"2467_SrCHNO2",-1.4862098367
"2468_ZnCHNO2",-0.863643285
"2469_PbCHNO",-0.149359254
"2470_PdCHNO",0.225250262
"2471_PtCHNO",0.499595724
"2472_BaCHNOS",-1.0524473245
"2473_BeCHNOS",-0.4904375495
"2474_CaCHNOS",-1.1212856295
"2475_CdCHNOS",-0.3880583428
"2476_CoCHNOS",-0.2246800595
"2477_CuCHNOS",-0.1111869678
"2478_FeCHNOS",-0.3419534412
"2479_MgCHNOS",-0.9045767695
"2480_MnCHNOS",-0.6052114845
"2481_NiCHNOS",-0.3430513028
"2482_PbCHNOS",-0.3269921112
"2483_PdCHNOS",-0.0372566545
"2484_PtCHNOS",0.1846698055
"2485_SrCHNO",-1.104321372
"2486_SrCHNOS",-1.1027378378
"2487_ZnCHNOS",-0.4081356428
"2488_ZnCHNO",-0.290900396
"2489_BaHNO2",-1.182119178
"2490_BeHNO2",-0.868230294
"2491_CaHNO2",-1.250246814
"2492_CdHNO2",-0.395460644
"2493_CoHNO2",-0.4834116
"2494_CuHNO2",-0.400698776
"2495_FeHNO2",-0.572307492
"2496_MgHNO2",-1.035344904
"2497_MnHNO2",-0.835018902
"2498_NiHNO2",-0.599462002
"2499_PbHNO2",-0.341423728
"2501_PtHNO2",-0.23322149
"2502_SrHNO2",-1.005196242
"2503_ZnHNO2",-0.530704694
"2504_BaCHNO2",-1.2814000567
"2505_BeCHNO2",-0.85513206
"2506_CaCHNO2",-1.3269196183
"2507_CdCHNO2",-0.5562412883
"2508_CoCHNO2",-0.42951318
"2509_CuCHNO2",-0.3116570117
"2510_FeCHNO2",-0.5411341
"2511_MgCHNO2",-1.1581546
"2512_MnCHNO2",-0.806625295
"2513_NiCHNO2",-0.5539637333
"2514_PbCHNO2",-0.5008744533
"2515_PdCHNO2",-0.1754112733
"2516_PtCHNO2",0.1280185567
"2517_SrCHNO2",-1.3137035233
"2518_ZnCHNO2",-0.621749715
"2519_BaCHNOS",-0.8650448745
"2520_BeCHNOS",-0.3126348245
"2521_CaCHNOS",-0.8862205928
"2522_CdCHNOS",-0.2268779278
"2523_CoCHNOS",-0.1269335745
"2524_CuCHNOS",0.0037136505
"2525_FeCHNOS",-0.1370988945
"2526_MgCHNOS",-0.6445600862
"2527_MnCHNOS",-0.4208694978
"2528_NiCHNOS",-0.2035722545
"2529_PbCHNOS",-0.1935263495
"2530_PdCHNOS",0.0368798705
"2531_PtCHNOS",0.1389071688
"2532_SrCHNOS",-0.8873812012
"2533_ZnCHNOS",-0.2353415728
"2534_BaH2OS",-1.4035548754
"2535_BeH2OS",-0.7619766474
"2536_CaH2OS",-1.4421462934
"2537_CdH2OS",-0.6434124254
"2538_CoH2OS",-0.5590412414
"2540_FeH2OS",-0.5851834034
"2541_MgH2OS",-1.1580945114
"2542_MnH2OS",-0.5872951574
"2543_NiH2OS",-0.6118506714
"2544_PbH2OS",-0.5932531154
"2545_PdH2OS",-0.3127901714
"2546_PtH2OS",-0.2106336894
"2547_SrH2OS",-1.4376726214
"2548_ZnH2OS",-0.6606056974
"2549_BaBrCNS",-0.9117047034
"2550_BeBrCNS",-0.0858777014
"2551_CaBrCNS",-0.8420721774
"2552_CdBrCNS",-0.1145198054
"2553_CoBrCNS",0.0554712206
"2554_CuBrCNS",0.2149869626
"2555_FeBrCNS",0.0549063946
"2556_MgBrCNS",-0.5134230934
"2557_MnBrCNS",0.0297652806
"2558_NiBrCNS",-0.0293385034
"2559_PbBrCNS",-0.0652981974
"2560_PdBrCNS",0.2274947546
"2561_PtBrCNS",0.3416344386
"2562_SrBrCNS",-0.8857910474
"2563_ZnBrCNS",-0.0863509494
"2564_BaCClNS",-0.9776231354
"2565_BeCClNS",-0.1743376414
"2566_CaCClNS",-0.9208693814
"2567_CdCClNS",-0.1528276014
"2568_CoCClNS",-0.0094919754
"2569_CuCClNS",0.1450296986
"2570_FeCClNS",-0.0286533534
"2571_MgCClNS",-0.5951013514
"2572_MnCClNS",-0.0509613874
"2573_NiCClNS",-0.0928887054
"2574_PbCClNS",-0.1089517414
"2575_PdCClNS",0.1979409386
"2576_PtCClNS",0.3364500566
"2577_SrCClNS",-0.9601036614
"2578_ZnCClNS",-0.1417450114
"2579_BaC2N2S",-0.1783751595
"2580_BeC2N2S",0.5384949022
"2581_CaC2N2S",-0.1049580828
"2582_CdC2N2S",0.5190777438
"2583_CoC2N2S",0.6217131655
"2584_CuC2N2S",0.7528881588
"2585_FeC2N2S",0.6162082638
"2586_MgC2N2S",0.1841702305
"2587_MnC2N2S",0.3597766888
"2588_NiC2N2S",0.5802784405
"2589_PbC2N2S",0.5314462738
"2590_PdC2N2S",0.7459125022
"2591_PtC2N2S",0.8205165438
"2592_SrC2N2S",-0.1512315945
"2593_ZnC2N2S",0.5438779322
"2594_BaCFNS",-1.2662523754
"2595_BeCFNS",-0.4334322874
"2596_CaCFNS",-1.2584195354
"2597_CdCFNS",-0.3827061714
"2598_CoCFNS",-0.2503244554
"2599_CuCFNS",-0.0730163734
"2600_FeCFNS",-0.2419099094
"2601_MgCFNS",-0.9105708974
"2602_MnCFNS",-0.3125347654
"2603_NiCFNS",-0.3234525574
"2604_PbCFNS",-0.4218424234
"2605_PdCFNS",-0.0375055454
"2606_PtCFNS",0.0924747086
"2607_SrCFNS",-1.2770227354
"2608_ZnCFNS",-0.3726539334
"2609_BaCINS",-0.7987977674
"2610_BeCINS",0.0861267606
"2611_CaCINS",-0.7208288554
"2612_CdCINS",-0.0258973194
"2613_CoCINS",0.1632027866
"2614_CuCINS",0.2755132946
"2615_FeCINS",0.1970663246
"2616_MgCINS",-0.3731724574
"2617_MnCINS",-0.1726141814
"2618_NiCINS",0.0860485166
"2619_PbCINS",0.0011292346
"2620_PdCINS",0.2657137206
"2621_PtCINS",0.3886885186
"2622_SrCINS",-0.7714706454
"2623_ZnCINS",0.0309801166
"2624_BaC2N2S",-0.2165932862
"2625_BeC2N2S",0.4967254788
"2626_CaC2N2S",-0.1573196695
"2627_CdC2N2S",0.5043758488
"2628_CoC2N2S",0.6237365388
"2629_CuC2N2S",0.7530565905
"2630_FeC2N2S",0.6043773888
"2631_MgC2N2S",0.1250036638
"2632_MnC2N2S",0.5798846438
"2633_NiC2N2S",0.5689867672
"2634_BaC2N2OS",-0.6217451596
"2635_BeC2N2OS",-0.1193055324
"2636_CaC2N2OS",-0.6152018996
"2637_CdC2N2OS",-0.0713815839
"2638_CoC2N2OS",0.0007559961
"2639_CuC2N2OS",0.126756189
"2640_FeC2N2OS",-0.0125546653
"2641_MgC2N2OS",-0.4049897553
"2642_MnC2N2OS",-0.235596031
"2643_NiC2N2OS",-0.0505734867
"2644_PbC2N2OS",-0.0329659267
"2645_PdC2N2OS",0.1640595747
"2646_PtC2N2OS",0.2630460861
"2647_SrC2N2OS",-0.6270819824
"2648_ZnC2N2OS",-0.0764618153
"2649_PbC2N2S",0.5257296622
"2650_PdC2N2S",0.7581247672
"2651_PtC2N2S",0.8971130272
"2652_BaC2N2S2",-0.3209887777
"2653_BeC2N2S2",0.2474732509
"2654_CaC2N2S2",-0.2995928377
"2655_CdC2N2S2",0.2544166223
"2656_CoC2N2S2",0.3291117694
"2657_CuC2N2S2",0.4390410023
"2658_FeC2N2S2",0.326074108
"2659_MgC2N2S2",-0.070179962
"2660_MnC2N2S2",0.3043170494
"2661_NiC2N2S2",0.2859256066
"2662_PbC2N2S2",0.2750279909
"2663_PdC2N2S2",0.4629943751
"2664_PtC2N2S2",0.5645221251
"2665_SrC2N2S",-0.1929262162
"2666_SrC2N2S2",-0.3160071091
"2667_ZnC2N2S2",0.2623621351
"2668_ZnC2N2S",0.5249923838
"2669_BaCN2OS",-0.3315335462
"2670_BeCN2OS",0.3264409938
"2671_CaCN2OS",-0.2745550795
"2672_CdCN2OS",0.3765538422
"2673_CoCN2OS",0.3443605588
"2674_CuCN2OS",0.4242986538
"2675_FeCN2OS",0.3101513822
"2676_MgCN2OS",0.0097714005
"2677_MnCN2OS",0.1137288422
"2679_PbCN2OS",0.3666778472
"2680_PdCN2OS",0.3641665022
"2681_PtCN2OS",0.4302708738
"2682_SrCN2OS",-0.3036621828
"2683_ZnCN2OS",0.3543753855
"2684_BaC2N2OS",-0.5145700467
"2685_BeC2N2OS",0.1082161161
"2686_CaC2N2OS",-0.4494577396
"2687_CdC2N2OS",0.1446622261
"2688_CoC2N2OS",0.205190139
"2689_CuC2N2OS",0.3208632933
"2690_FeC2N2OS",0.2316546533
"2691_MgC2N2OS",-0.1993901281
"2692_MnC2N2OS",-0.0164179824
"2693_NiC2N2OS",0.1733553304
"2694_PbC2N2OS",0.1248242704
"2695_PdC2N2OS",0.3292784747
"2696_PtC2N2OS",0.4296719033
"2697_SrC2N2OS",-0.4836982781
"2698_ZnC2N2OS",0.153451149
"2699_BaBrHS",-1.5796121218
"2700_BeBrHS",-0.6016937043
"2701_CaBrHS",-1.5413060168
"2702_CdBrHS",-0.6265131843
"2704_CuBrHS",-0.2162060693
"2705_FeBrHS",-0.4093188918
"2706_MgBrHS",-1.1405417643
"2707_MnBrHS",-0.4573433368
"2708_NiBrHS",-0.5124452318
"2709_PbBrHS",-0.5462228517
"2710_PdBrHS",-0.2243492668
"2711_PtBrHS",-0.0304197292
"2712_SrBrHS",-1.5797060168
"2713_ZnBrHS",-0.5937051667
"2714_BaClHS",-1.6678674718
"2715_BeClHS",-0.7171908668
"2716_CaClHS",-1.6395441793
"2717_CdClHS",-0.6826212218
"2718_CoClHS",-0.4883192568
"2719_CuClHS",-0.2534143442
"2720_FeClHS",-0.5191653768
"2721_MgClHS",-1.2433416568
"2722_MnClHS",-0.5271829793
"2723_NiClHS",-0.5965050718
"2724_PbClHS",-0.6057402568
"2725_PdClHS",-0.2162135767
"2726_PtClHS",-0.0683469492
"2727_SrClHS",-1.6730609468
"2729_BaCHNS",-0.5860673874
"2730_BeCHNS",0.2333461886
"2731_CaCHNS",-0.5294002714
"2732_CdCHNS",0.2254934686
"2733_CoCHNS",0.3508761506
"2734_CuCHNS",0.5309366486
"2735_FeCHNS",0.3363718006
"2736_MgCHNS",-0.1904808914
"2737_MnCHNS",0.2998070006
"2738_NiCHNS",0.3018245646
"2739_PbCHNS",0.2457442006
"2740_PdCHNS",0.5176089206
"2741_PtCHNS",0.5927758106
"2742_SrCHNS",-0.5724035334
"2743_ZnCHNS",0.2535408106
"2744_BaFHS",-2.0434241343
"2745_BeFHS",-1.0708615768
"2746_CaFHS",-2.0469149293
"2747_CdFHS",-0.9578860893
"2748_CoFHS",-0.8033478893
"2749_CuFHS",-0.5753500168
"2750_FeFHS",-0.8274102368
"2751_MgFHS",-1.6234189218
"2752_MnFHS",-0.8536470118
"2753_NiFHS",-0.8875303643
"2754_PbFHS",-0.9884196568
"2755_PdFHS",-0.5180785992
"2756_PtFHS",-0.3895002142
"2757_SrFHS",-2.0657407618
"2759_BaHIS",-1.4391507143
"2760_BeHIS",-0.3796256143
"2761_CaHIS",-1.3841101843
"2762_CdHIS",-0.5096509618
"2763_CoHIS",-0.2630116718
"2764_CuHIS",-0.1175967992
"2765_FeHIS",-0.2241907418
"2766_MgHIS",-0.9602317617
"2767_MnHIS",-0.5995584043
"2768_NiHIS",-0.3548727368
"2769_PbHIS",-0.4560697692
"2770_PdHIS",-0.1257708442
"2771_PtHIS",0.0084794583
"2772_SrHIS",-1.4299548818
"2773_ZnHIS",-0.4398911567
"2774_BaCHNS",-0.6280798474
"2775_BeCHNS",0.1804475646
"2776_CaCHNS",-0.5903847374
"2777_CdCHNS",0.2050494546
"2778_CoCHNS",0.3529748546
"2779_CuCHNS",0.5297254866
"2780_FeCHNS",0.3198288866
"2781_MgCHNS",-0.2605115134
"2782_MnCHNS",0.2976753506
"2783_NiCHNS",0.2777183686
"2784_BaCHNOS",-1.0506969812
"2785_BeCHNOS",-0.4802092278
"2786_CaCHNOS",-1.0562277245
"2787_CdCHNOS",-0.4138023145
"2788_CoCHNOS",-0.3272178595
"2789_CuCHNOS",-0.1591913095
"2790_FeCHNOS",-0.3404576995
"2791_MgCHNOS",-0.8112244595
"2792_MnCHNOS",-0.3780724395
"2793_NiCHNOS",-0.3848024812
"2794_PbCHNOS",-0.3638249262
"2795_PdCHNOS",-0.1230004928
"2796_PtCHNOS",-0.0245146978
"2797_SrCHNOS",-1.0642094728
"2798_ZnCHNOS",-0.4193507962
"2799_PbCHNS",0.2395206306
"2800_PdCHNS",0.5837470046
"2801_PtCHNS",0.7074437526
"2802_BaCHNS2",-0.687502069
"2803_BeCHNS2",-0.038300319
"2804_CaCHNS2",-0.6752246307
"2805_CdCHNS2",-0.022261889
"2806_CoCHNS2",0.072741931
"2807_CuCHNS2",0.2103760277
"2808_FeCHNS2",0.0642093643
"2809_MgCHNS2",-0.4088612207
"2810_MnCHNS2",-0.129258334
"2811_NiCHNS2",0.0222302327
"2812_PbCHNS2",0.002719761
"2813_PdCHNS2",0.2362622493
"2814_PtCHNS2",0.3351834827
"2815_SrCHNS",-0.6270626614
"2816_SrCHNS2",-0.6937403307
"2817_ZnCHNS2",-0.0132557407
"2818_ZnCHNS",0.2273704506
"2819_BaHNOS",-0.7563632534
"2820_BeHNOS",-0.0296439274
"2821_CaHNOS",-0.7289383034
"2822_CdHNOS",0.0634878406
"2824_CuHNOS",0.1251809346
"2825_FeHNOS",0.1009264886
"2826_MgHNOS",-0.3961971634
"2827_MnHNOS",-0.2717769574
"2829_PbHNOS",0.0514559026
"2830_PdHNOS",0.0687080506
"2831_PtHNOS",0.1362918886
"2832_SrHNOS",-0.7533143594
"2833_ZnHNOS",0.0343933986
"2834_BaCHNOS",-0.9268213745
"2835_BeCHNOS",-0.2370280895
"2836_CaCHNOS",-0.8756663362
"2837_CdCHNOS",-0.1823008062
"2838_CoCHNOS",-0.1028244078
"2839_CuCHNOS",0.0367217438
"2840_FeCHNOS",-0.0967885678
"2841_MgCHNOS",-0.5903856328
"2842_MnCHNOS",-0.3288053795
"2843_NiCHNOS",0.0086285455
"2844_PbCHNOS",-0.1944860478
"2845_PdCHNOS",0.0512248272
"2846_PtCHNOS",0.1448933038
"2847_SrCHNOS",-0.9099241662
"2848_ZnCHNOS",-0.1764143195
"2849_BaCHNS2",-0.573573994
"2850_BeCHNS2",0.0427165927
"2851_CaCHNS2",-0.535568044
"2852_CdCHNS2",0.0444397443
"2853_CoCHNS2",0.1071231127
"2854_CuCHNS2",0.2607813127
"2855_FeCHNS2",0.0893919677
"2856_MgCHNS2",-0.2884337107
"2857_MnCHNS2",0.1034349377
"2858_NiCHNS2",0.0760159027
"2859_PbCHNS2",0.103237976
"2860_PdCHNS2",0.2576102543
"2861_PtCHNS2",0.3566829293
"2862_SrCHNS2",-0.5650057257
"2863_ZnCHNS2",0.057902896
"2864_CeHNO",-1.8551520875
"2865_GeHNO",-0.72374693
"2866_HfHNO",-2.010005315
"2867_IrHNO",-0.149414075
"2868_MoHNO",-0.81332331
"2869_OsHNO",-0.042030205
"2870_PdHNO",-0.091509985
"2871_PtHNO",-0.27851337
"2872_ReHNO",-0.4056716775
"2873_RuHNO",-0.24607981
"2874_SnHNO",-0.6998740825
"2875_TcHNO",6.26056844
"2876_HNOTe",0.007386145
"2877_TiHNO",-1.76732131
"2878_WHNO",-0.79029422
"2879_ZrHNO",-1.9385784
"2880_CeH2NP",-0.59541199
"2881_GeH2NP",0.28173877
"2882_HfH2NP",-0.62873144
"2883_IrH2NP",0.087645818
"2884_MoH2NP",-0.128573266
"2885_OsH2NP",0.269673058
"2886_PdH2NP",0.149410128
"2887_PtH2NP",-0.078943134
"2888_ReH2NP",0.190483098
"2889_RuH2NP",0.137456918
"2890_SnH2NP",0.196535314
"2891_TcH2NP",0.06004656
"2892_H2NPTe",0.43336028
"2893_TiH2NP",-0.55903422
"2894_WH2NP",-0.066698434
"2895_ZrH2NP",-0.624175528
"2896_CeHNS",-1.2285712293
"2897_GeHNS",-0.0895129592
"2898_HfHNS",-1.2683268968
"2899_IrHNS",0.0930573457
"2900_MoHNS",-0.3622811017
"2901_OsHNS",0.1952144832
"2902_PdHNS",0.1093190858
"2903_PtHNS",-0.1090064068
"2904_ReHNS",-0.0059319718
"2905_RuHNS",0.0041471533
"2906_SnHNS",-0.2074667567
"2907_TcHNS",-0.1383989817
"2908_HNSTe",0.2688808658
"2909_TiHNS",-1.0604395443
"2910_WHNS",-0.3234411943
"2911_ZrHNS",-1.2374190193
"2912_CeHNSe",-1.148998525
"2913_GeHNSe",0.0624930125
"2914_HfHNSe",-1.134259755
"2915_IrHNSe",0.18046346
"2916_MoHNSe",-0.26028341
"2917_OsHNSe",0.318602855
"2918_PdHNSe",0.159583125
"2919_PtHNSe",-0.023615225
"2920_ReHNSe",0.0759640025
"2921_RuHNSe",0.04990375
"2922_SnHNSe",-0.1028717275
"2923_TcHNSe",-0.0962601275
"2924_HNSeTe",0.2452022925
"2925_TiHNSe",-0.9648812575
"2926_WHNSe",-0.1773027975
"2927_ZrHNSe",-1.125026015
"2928_CeHNTe",-0.987379275
"2929_GeHNTe",0.16047671
"2930_HfHNTe",-0.88956259
"2931_IrHNTe",0.199538965
"2932_MoHNTe",-0.1205394375
"2933_OsHNTe",0.296077055
"2934_PdHNTe",0.2057138725
"2935_PtHNTe",0.0763827875
"2936_ReHNTe",0.1787331325
"2937_RuHNTe",0.03649462
"2938_SnHNTe",0.105100715
"2939_TcHNTe",-0.022217835
"2940_TiHNTe",-0.7934332125
"2941_WHNTe",0.0186415125
"2942_ZrHNTe",-0.91757417
"2943_CeOS",-2.642705969
"2944_GeOS",-0.6470552657
"2945_HfOS",-2.6066753757
"2946_IrOS",-0.3325267457
"2947_MoOS",-1.104081439
"2948_OsOS",-0.146551159
"2949_PdOS",-0.276139209
"2950_PtOS",-0.4883888857
"2951_ReOS",-0.4973586123
"2952_RuOS",-0.432419609
"2953_SnOS",-0.864284549
"2954_TcOS",-0.7209263457
"2955_OSTe",-0.3518307623
"2956_TiOS",-2.297381989
"2957_WOS",-1.022493259
"2958_ZrOS",-2.579745379
"2959_CeOSe",-2.53678919
"2960_GeOSe",-0.4121026467
"2961_HfOSe",-2.4089114867
"2962_IrOSe",-0.1932751
"2963_MoOSe",-0.9533460467
"2964_OsOSe",0.0091050033
"2965_PdOSe",-0.1912793733
"2966_PtOSe",-0.3600461967
"2967_ReOSe",-0.3252166667
"2968_RuOSe",-0.3462937433
"2969_SnOSe",-0.6997783
"2970_TcOSe",-0.61612122
"2971_OSeTe",-0.36357578
"2972_TiOSe",-2.15639298
"2973_WOSe",-0.8160745833
"2974_ZrOSe",-2.4152951467
"2975_CeOTe",-2.3250074067
"2976_GeOTe",-0.4697053633
"2977_HfOTe",-2.03163137
"2978_IrOTe",-0.0381536833
"2979_MoOTe",-0.7487626533
"2980_OsOTe",0.0697389933
"2981_PdOTe",-0.13609895
"2982_PtOTe",-0.2429254533
"2983_ReOTe",-0.1204681467
"2984_RuOTe",-0.36542289
"2985_SnOTe",-0.5232708467
"2986_TcOTe",-0.5261445333
"2987_TiOTe",-1.8997813467
"2988_WOTe",-0.5371286467
"2989_ZrOTe",-2.0990043033
"2990_CeHOP",-1.4975893475
"2991_GeHOP",-0.0064604175
"2992_HfHOP",-1.44172493
"2993_IrHOP",-0.2463841725
"2994_MoHOP",-0.62167312
"2995_OsHOP",-0.0228721225
"2996_PdHOP",-0.17531117
"2997_PtHOP",-0.4116933225
"2998_ReHOP",-0.1620596925
"2999_RuHOP",-0.226169965
"3000_SnHOP",-0.14527947
"3001_TcHOP",-0.34415233
"3002_HOPTe",0.003240605
"3003_TiHOP",-1.33999351
"3004_WHOP",-0.52646785
"3005_ZrHOP",-1.450997965
"3006_CeHPS",-0.9403721193
"3007_GeHPS",0.1079472358
"3008_HfHPS",-0.8803468743
"3009_IrHPS",-0.2426553143
"3010_MoHPS",-0.3039336743
"3011_OsHPS",0.0408397833
"3012_PdHPS",-0.1657999618
"3013_PtHPS",-0.4384767742
"3014_ReHPS",0.0386755757
"3015_RuHPS",-0.0815439242
"3016_SnHPS",-0.0237744892
"3017_TcHPS",-0.1342078218
"3018_HPSTe",0.2624085858
"3019_TiHPS",-0.7628406268
"3020_WHPS",-0.2099475418
"3021_ZrHPS",-0.8986305992
"3022_CeHPSe",-0.8685431025
"3023_GeHPSe",0.116401855
"3024_HfHPSe",-0.77300656
"3025_IrHPSe",-0.257778365
"3026_MoHPSe",-0.23337982
"3027_OsHPSe",0.0794236925
"3028_PdHPSe",-0.1798223375
"3029_PtHPSe",-0.439623755
"3030_ReHPSe",0.051340005
"3031_RuHPSe",-0.08970632
"3032_SnHPSe",-0.0253577525
"3033_TcHPSe",-0.1151455725
"3034_HPSeTe",0.2288407975
"3035_TiHPSe",-0.6632656075
"3036_WHPSe",-0.1183956
"3037_ZrHPSe",-0.8006919475
"3038_CeHPTe",-0.718844455
"3039_GeHPTe",0.180076095
"3040_HfHPTe",-0.5819780875
"3041_IrHPTe",-0.32547316
"3042_MoHPTe",-0.1508394375
"3043_OsHPTe",0.0342629775
"3044_PdHPTe",-0.18322649
"3045_PtHPTe",-0.4184413925
"3046_ReHPTe",0.05841335
"3047_RuHPTe",-0.180949065
"3048_SnHPTe",0.0526627275
"3049_TcHPTe",-0.13017794
"3050_TiHPTe",-0.5046640425
"3051_WHPTe",0.005077125
"3052_ZrHPTe",-0.623207155
"3053_CeSSe",-1.7993271557
"3054_GeSSe",-0.144286619
"3055_HfSSe",-1.615717119
"3056_IrSSe",-0.2597631657
"3057_MoSSe",-0.5190630157
"3058_OsSSe",0.033922811
"3059_PdSSe",-0.2544733557
"3060_PtSSe",-0.4984553857
"3061_ReSSe",-0.0660298723
"3062_RuSSe",-0.1843583957
"3063_SnSSe",-0.3881309857
"3064_TcSSe",-0.309412489
"3065_SSeTe",-0.0341413257
"3066_TiSSe",-1.3661053523
"3067_WSSe",-0.3930940657
"3068_ZrSSe",-1.6453832423
"3069_CeSTe",2.0380795143
"3070_GeSTe",-0.0214407857
"3071_HfSTe",-1.3516115523
"3072_IrSTe",-0.2596266457
"3073_MoSTe",-0.412816019
"3074_OsSTe",0.018200261
"3075_PdSTe",-0.2693581257
"3076_PtSTe",-0.476717289
"3077_ReSTe",0.056416681
"3078_RuSTe",-0.249136579
"3079_SnSTe",-0.2064403923
"3080_TcSTe",-0.2280079157
"3081_TiSTe",-1.195514569
"3082_WSTe",-0.214357659
"3083_ZrSTe",-1.419420369
"3084_CeSeTe",-1.50161515
"3085_GeSeTe",-0.02356024
"3086_HfSeTe",-1.2185989267
"3087_IrSeTe",-0.2769644367
"3088_MoSeTe",-0.31138972
"3089_OsSeTe",0.1160628933
"3090_PdSeTe",-0.3346269667
"3091_PtSeTe",-0.54127749
"3092_ReSeTe",0.18549323
"3093_RuSeTe",-0.14889731
"3094_SnSeTe",-0.2236851167
"3095_TcSeTe",-0.1738232733
"3096_TiSeTe",-1.0681127367
"3097_WSeTe",-0.0908860467
"3098_ZrSeTe",-1.2968005133
